scope,baseline_order,baseline_id,baseline_name,baseline_kind,tokenizer,score
core16,1,cifar100_full,CIFAR100 full-shot,full-shot,unitok,86.479997635
core16,1,cifar100_full,CIFAR100 full-shot,full-shot,vilau,86.390000582
core16,1,cifar100_full,CIFAR100 full-shot,full-shot,toklips,84.350001812
core16,1,cifar100_full,CIFAR100 full-shot,full-shot,toklipl,82.359999418
core16,1,cifar100_full,CIFAR100 full-shot,full-shot,metaclip,86.309999228
core16,2,food101_full,Food101 full-shot,full-shot,unitok,92.807918787
core16,2,food101_full,Food101 full-shot,full-shot,vilau,94.225740433
core16,2,food101_full,Food101 full-shot,full-shot,toklips,89.398020506
core16,2,food101_full,Food101 full-shot,full-shot,toklipl,92.697030306
core16,2,food101_full,Food101 full-shot,full-shot,metaclip,91.738611460
core16,3,oxford_pets_full,OxfordPets full-shot,full-shot,unitok,93.077135086
core16,3,oxford_pets_full,OxfordPets full-shot,full-shot,vilau,94.412648678
core16,3,oxford_pets_full,OxfordPets full-shot,full-shot,toklips,93.322432041
core16,3,oxford_pets_full,OxfordPets full-shot,full-shot,toklipl,94.603431225
core16,3,oxford_pets_full,OxfordPets full-shot,full-shot,metaclip,93.022620678
core16,4,flowers102_full,Flowers102 full-shot,full-shot,unitok,97.267848253
core16,4,flowers102_full,Flowers102 full-shot,full-shot,vilau,99.268174171
core16,4,flowers102_full,Flowers102 full-shot,full-shot,toklips,98.211091757
core16,4,flowers102_full,Flowers102 full-shot,full-shot,toklipl,98.877865076
core16,4,flowers102_full,Flowers102 full-shot,full-shot,metaclip,97.186535597
core16,5,stanford_cars_full,StanfordCars full-shot,full-shot,unitok,92.152714729
core16,5,stanford_cars_full,StanfordCars full-shot,full-shot,vilau,93.458527327
core16,5,stanford_cars_full,StanfordCars full-shot,full-shot,toklips,93.408781290
core16,5,stanford_cars_full,StanfordCars full-shot,full-shot,toklipl,94.005721807
core16,5,stanford_cars_full,StanfordCars full-shot,full-shot,metaclip,92.140281200
core16,6,fgvc_aircraft_full,FGVCAircraft full-shot,full-shot,unitok,52.355235815
core16,6,fgvc_aircraft_full,FGVCAircraft full-shot,full-shot,vilau,63.846385479
core16,6,fgvc_aircraft_full,FGVCAircraft full-shot,full-shot,toklips,62.856286764
core16,6,fgvc_aircraft_full,FGVCAircraft full-shot,full-shot,toklipl,67.536753416
core16,6,fgvc_aircraft_full,FGVCAircraft full-shot,full-shot,metaclip,62.886285782
core16,7,dtd_full,DTD full-shot,full-shot,unitok,81.010639668
core16,7,dtd_full,DTD full-shot,full-shot,vilau,83.351063728
core16,7,dtd_full,DTD full-shot,full-shot,toklips,81.010639668
core16,7,dtd_full,DTD full-shot,full-shot,toklipl,82.712763548
core16,7,dtd_full,DTD full-shot,full-shot,metaclip,81.329786777
core16,8,sun397_full,SUN397 full-shot,full-shot,unitok,82.634484768
core16,8,sun397_full,SUN397 full-shot,full-shot,vilau,83.411496878
core16,8,sun397_full,SUN397 full-shot,full-shot,toklips,80.666667223
core16,8,sun397_full,SUN397 full-shot,full-shot,toklipl,82.685059309
core16,8,sun397_full,SUN397 full-shot,full-shot,metaclip,82.473564148
core16,9,caltech101_full,Caltech101 full-shot,full-shot,unitok,95.927041769
core16,9,caltech101_full,Caltech101 full-shot,full-shot,vilau,95.714539289
core16,9,caltech101_full,Caltech101 full-shot,full-shot,toklips,93.182218075
core16,9,caltech101_full,Caltech101 full-shot,full-shot,toklipl,93.500971794
core16,9,caltech101_full,Caltech101 full-shot,full-shot,metaclip,97.768723965
core16,10,imagenet_full_legacy,ImageNet full-shot (DINOv2),full-shot,unitok,78.336000443
core16,10,imagenet_full_legacy,ImageNet full-shot (DINOv2),full-shot,vilau,77.843999863
core16,10,imagenet_full_legacy,ImageNet full-shot (DINOv2),full-shot,toklips,77.719998360
core16,10,imagenet_full_legacy,ImageNet full-shot (DINOv2),full-shot,toklipl,80.753999949
core16,10,imagenet_full_legacy,ImageNet full-shot (DINOv2),full-shot,metaclip,77.685999870
core16,11,imagenet_1shot,ImageNet 1-shot,k-shot,unitok,40.102000000
core16,11,imagenet_1shot,ImageNet 1-shot,k-shot,vilau,39.104000000
core16,11,imagenet_1shot,ImageNet 1-shot,k-shot,toklips,47.014000000
core16,11,imagenet_1shot,ImageNet 1-shot,k-shot,toklipl,48.530000000
core16,11,imagenet_1shot,ImageNet 1-shot,k-shot,metaclip,33.172000000
core16,12,imagenet_2shot,ImageNet 2-shot,k-shot,unitok,52.192000000
core16,12,imagenet_2shot,ImageNet 2-shot,k-shot,vilau,53.342000000
core16,12,imagenet_2shot,ImageNet 2-shot,k-shot,toklips,59.154000000
core16,12,imagenet_2shot,ImageNet 2-shot,k-shot,toklipl,62.488000000
core16,12,imagenet_2shot,ImageNet 2-shot,k-shot,metaclip,45.564000000
core16,13,imagenet_4shot,ImageNet 4-shot,k-shot,unitok,62.258000000
core16,13,imagenet_4shot,ImageNet 4-shot,k-shot,vilau,64.234000000
core16,13,imagenet_4shot,ImageNet 4-shot,k-shot,toklips,67.722000000
core16,13,imagenet_4shot,ImageNet 4-shot,k-shot,toklipl,70.998000000
core16,13,imagenet_4shot,ImageNet 4-shot,k-shot,metaclip,56.470000000
core16,14,imagenet_8shot,ImageNet 8-shot,k-shot,unitok,67.864000000
core16,14,imagenet_8shot,ImageNet 8-shot,k-shot,vilau,70.138000000
core16,14,imagenet_8shot,ImageNet 8-shot,k-shot,toklips,72.392000000
core16,14,imagenet_8shot,ImageNet 8-shot,k-shot,toklipl,75.856000000
core16,14,imagenet_8shot,ImageNet 8-shot,k-shot,metaclip,63.524000000
core16,15,imagenet_16shot,ImageNet 16-shot,k-shot,unitok,71.584000000
core16,15,imagenet_16shot,ImageNet 16-shot,k-shot,vilau,73.614000000
core16,15,imagenet_16shot,ImageNet 16-shot,k-shot,toklips,74.970000000
core16,15,imagenet_16shot,ImageNet 16-shot,k-shot,toklipl,78.466000000
core16,15,imagenet_16shot,ImageNet 16-shot,k-shot,metaclip,68.428000000
core16,16,voc2007_multilabel,VOC2007 multi-label,multi-label,unitok,88.764082565
core16,16,voc2007_multilabel,VOC2007 multi-label,multi-label,vilau,88.728094367
core16,16,voc2007_multilabel,VOC2007 multi-label,multi-label,toklips,90.323490510
core16,16,voc2007_multilabel,VOC2007 multi-label,multi-label,toklipl,91.851863672
core16,16,voc2007_multilabel,VOC2007 multi-label,multi-label,metaclip,90.038432994
