run,task,model,selected_configured_lr,selected_effective_lr,selected_n_last_blocks,selected_avgpool,validation_top1_percent,lr_boundary,intended_grid_boundary,intended_heads,evaluated_heads,missing_heads,lr_scale
caltech101/metaclip,caltech101,metaclip,0.01,0.005,4,False,97.77,interior,interior,52,48,4,0.5
caltech101/toklipl,caltech101,toklipl,0.05,0.025,1,False,93.5,interior,interior,52,48,4,0.5
caltech101/toklips,caltech101,toklips,0.02,0.01,1,True,93.18,interior,interior,52,48,4,0.5
caltech101/unitok,caltech101,unitok,0.01,0.005,4,True,95.93,interior,interior,52,48,4,0.5
caltech101/vilau,caltech101,vilau,0.02,0.01,1,False,95.71,interior,interior,52,48,4,0.5
cifar100/metaclip,cifar100,metaclip,0.1,0.05,1,True,86.31,high,high,52,48,4,0.5
cifar100/toklipl,cifar100,toklipl,0.1,0.05,4,False,82.36,high,high,52,48,4,0.5
cifar100/toklips,cifar100,toklips,0.05,0.025,4,True,84.35,interior,interior,52,48,4,0.5
cifar100/unitok,cifar100,unitok,0.02,0.01,4,False,86.48,interior,interior,52,48,4,0.5
cifar100/vilau,cifar100,vilau,0.1,0.05,1,False,86.39,high,high,52,48,4,0.5
dtd/metaclip,dtd,metaclip,0.005,0.0025,1,True,81.33,interior,interior,52,48,4,0.5
dtd/toklipl,dtd,toklipl,0.01,0.005,4,False,82.71,interior,interior,52,48,4,0.5
dtd/toklips,dtd,toklips,0.01,0.005,1,False,81.01,interior,interior,52,48,4,0.5
dtd/unitok,dtd,unitok,0.005,0.0025,4,False,81.01,interior,interior,52,48,4,0.5
dtd/vilau,dtd,vilau,0.005,0.0025,4,False,83.35,interior,interior,52,48,4,0.5
fgvc_aircraft/metaclip,fgvc_aircraft,metaclip,0.1,0.05,1,False,62.89,high,high,52,48,4,0.5
fgvc_aircraft/toklipl,fgvc_aircraft,toklipl,0.1,0.05,4,False,67.54,high,high,52,48,4,0.5
fgvc_aircraft/toklips,fgvc_aircraft,toklips,0.1,0.05,4,True,62.86,high,high,52,48,4,0.5
fgvc_aircraft/unitok,fgvc_aircraft,unitok,0.1,0.05,1,False,52.36,high,high,52,48,4,0.5
fgvc_aircraft/vilau,fgvc_aircraft,vilau,0.1,0.05,4,True,63.85,high,high,52,48,4,0.5
flowers102/metaclip,flowers102,metaclip,0.02,0.01,1,True,98.04,interior,interior,52,48,4,0.5
flowers102/toklipl,flowers102,toklipl,0.01,0.005,4,False,99.02,interior,interior,52,48,4,0.5
flowers102/toklips,flowers102,toklips,0.1,0.05,4,False,98.63,high,high,52,48,4,0.5
flowers102/unitok,flowers102,unitok,0.01,0.005,4,False,97.94,interior,interior,52,48,4,0.5
flowers102/vilau,flowers102,vilau,0.02,0.01,1,False,99.41,interior,interior,52,48,4,0.5
food101/metaclip,food101,metaclip,0.05,0.025,1,True,91.74,interior,interior,52,48,4,0.5
food101/toklipl,food101,toklipl,0.05,0.025,4,True,92.7,interior,interior,52,48,4,0.5
food101/toklips,food101,toklips,0.05,0.025,4,True,89.4,interior,interior,52,48,4,0.5
food101/unitok,food101,unitok,0.02,0.01,1,True,92.81,interior,interior,52,48,4,0.5
food101/vilau,food101,vilau,0.02,0.01,4,False,94.23,interior,interior,52,48,4,0.5
metaclip_b16_2pt5b,imagenet1k,metaclip_b16_2pt5b,0.05,0.025,4,True,80.6,interior,interior,52,48,4,0.5
oxford_pets/metaclip,oxford_pets,metaclip,0.02,0.01,1,False,93.02,interior,interior,52,48,4,0.5
oxford_pets/toklipl,oxford_pets,toklipl,0.1,0.05,4,False,94.6,high,high,52,48,4,0.5
oxford_pets/toklips,oxford_pets,toklips,0.05,0.025,4,True,93.32,interior,interior,52,48,4,0.5
oxford_pets/unitok,oxford_pets,unitok,0.005,0.0025,1,True,93.08,interior,interior,52,48,4,0.5
oxford_pets/vilau,oxford_pets,vilau,0.01,0.005,4,False,94.41,interior,interior,52,48,4,0.5
stanford_cars/metaclip,stanford_cars,metaclip,0.02,0.01,1,False,92.14,interior,interior,52,48,4,0.5
stanford_cars/toklipl,stanford_cars,toklipl,0.1,0.05,4,False,94.01,high,high,52,48,4,0.5
stanford_cars/toklips,stanford_cars,toklips,0.1,0.05,4,True,93.41,high,high,52,48,4,0.5
stanford_cars/unitok,stanford_cars,unitok,0.005,0.0025,4,False,92.15,interior,interior,52,48,4,0.5
stanford_cars/vilau,stanford_cars,vilau,0.05,0.025,4,False,93.46,interior,interior,52,48,4,0.5
sun397/metaclip,sun397,metaclip,0.02,0.01,4,True,82.86,interior,interior,52,48,4,0.5
sun397/toklipl,sun397,toklipl,0.05,0.025,4,True,82.98,interior,interior,52,48,4,0.5
sun397/toklips,sun397,toklips,0.05,0.025,4,True,80.86,interior,interior,52,48,4,0.5
sun397/unitok,sun397,unitok,0.01,0.005,4,True,82.28,interior,interior,52,48,4,0.5
sun397/vilau,sun397,vilau,0.02,0.01,4,False,83.41,interior,interior,52,48,4,0.5
toklip_l_semantic_384,imagenet1k,toklip_l_semantic_384,0.1,0.05,4,True,80.75,high,high,52,48,4,0.5
toklip_l_zq_384,imagenet1k,toklip_l_zq_384,0.1,0.05,4,True,1.34,high,high,52,48,4,0.5
toklip_s_semantic_256,imagenet1k,toklip_s_semantic_256,0.1,0.05,4,True,77.72,high,high,52,48,4,0.5
toklip_s_zq_256,imagenet1k,toklip_s_zq_256,0.1,0.05,4,True,2.18,high,high,52,48,4,0.5
unitok,imagenet1k,unitok,0.1,0.05,1,True,80.62,high,high,52,48,4,0.5
vilau_7b_256_semantic_penultimate,imagenet1k,vilau_7b_256_semantic_penultimate,0.02,0.01,4,False,83.58,interior,interior,52,48,4,0.5
