run,task,model,configured_lr,effective_lr,status,best_validation_top1_percent,best_validation_top5_percent,best_n_last_blocks,best_avgpool,is_selected_lr,evaluated_grid_boundary,intended_grid_boundary
caltech101/metaclip,caltech101,metaclip,1e-05,5e-06,missing_name_collision,,,,,False,,low
caltech101/metaclip,caltech101,metaclip,2e-05,1e-05,evaluated,12.41,29.82,4,True,False,low,interior
caltech101/metaclip,caltech101,metaclip,5e-05,2.5e-05,evaluated,60.58,85.66,4,True,False,interior,interior
caltech101/metaclip,caltech101,metaclip,0.0001,5e-05,evaluated,83.99,97.08,4,False,False,interior,interior
caltech101/metaclip,caltech101,metaclip,0.0002,0.0001,evaluated,91.82,99.36,4,False,False,interior,interior
caltech101/metaclip,caltech101,metaclip,0.0005,0.00025,evaluated,95.17,99.88,4,True,False,interior,interior
caltech101/metaclip,caltech101,metaclip,0.001,0.0005,evaluated,96.53,99.89,4,True,False,interior,interior
caltech101/metaclip,caltech101,metaclip,0.002,0.001,evaluated,97.31,99.91,4,True,False,interior,interior
caltech101/metaclip,caltech101,metaclip,0.005,0.0025,evaluated,97.63,99.89,4,True,False,interior,interior
caltech101/metaclip,caltech101,metaclip,0.01,0.005,evaluated,97.77,99.89,4,False,True,interior,interior
caltech101/metaclip,caltech101,metaclip,0.02,0.01,evaluated,97.33,99.91,4,True,False,interior,interior
caltech101/metaclip,caltech101,metaclip,0.05,0.025,evaluated,96.6,99.91,4,False,False,interior,interior
caltech101/metaclip,caltech101,metaclip,0.1,0.05,evaluated,96.26,99.88,4,False,False,high,high
caltech101/toklipl,caltech101,toklipl,1e-05,5e-06,missing_name_collision,,,,,False,,low
caltech101/toklipl,caltech101,toklipl,2e-05,1e-05,evaluated,7.05,23.91,4,True,False,low,interior
caltech101/toklipl,caltech101,toklipl,5e-05,2.5e-05,evaluated,41.46,67.82,4,False,False,interior,interior
caltech101/toklipl,caltech101,toklipl,0.0001,5e-05,evaluated,75.3,96.33,4,False,False,interior,interior
caltech101/toklipl,caltech101,toklipl,0.0002,0.0001,evaluated,87.46,99.13,4,False,False,interior,interior
caltech101/toklipl,caltech101,toklipl,0.0005,0.00025,evaluated,91.66,99.77,4,True,False,interior,interior
caltech101/toklipl,caltech101,toklipl,0.001,0.0005,evaluated,92.17,99.77,4,True,False,interior,interior
caltech101/toklipl,caltech101,toklipl,0.002,0.001,evaluated,92.42,99.84,4,True,False,interior,interior
caltech101/toklipl,caltech101,toklipl,0.005,0.0025,evaluated,93.18,99.84,4,True,False,interior,interior
caltech101/toklipl,caltech101,toklipl,0.01,0.005,evaluated,93.5,99.89,4,True,False,interior,interior
caltech101/toklipl,caltech101,toklipl,0.02,0.01,evaluated,93.47,99.89,4,False,False,interior,interior
caltech101/toklipl,caltech101,toklipl,0.05,0.025,evaluated,93.5,99.88,1,False,True,interior,interior
caltech101/toklipl,caltech101,toklipl,0.1,0.05,evaluated,93.34,99.89,1,False,False,high,high
caltech101/toklips,caltech101,toklips,1e-05,5e-06,missing_name_collision,,,,,False,,low
caltech101/toklips,caltech101,toklips,2e-05,1e-05,evaluated,12.22,26.69,4,True,False,low,interior
caltech101/toklips,caltech101,toklips,5e-05,2.5e-05,evaluated,57.61,84.79,4,True,False,interior,interior
caltech101/toklips,caltech101,toklips,0.0001,5e-05,evaluated,81.76,97.41,4,True,False,interior,interior
caltech101/toklips,caltech101,toklips,0.0002,0.0001,evaluated,88.63,99.52,4,True,False,interior,interior
caltech101/toklips,caltech101,toklips,0.0005,0.00025,evaluated,91.89,99.73,4,True,False,interior,interior
caltech101/toklips,caltech101,toklips,0.001,0.0005,evaluated,92.14,99.79,4,True,False,interior,interior
caltech101/toklips,caltech101,toklips,0.002,0.001,evaluated,92.56,99.81,4,False,False,interior,interior
caltech101/toklips,caltech101,toklips,0.005,0.0025,evaluated,93.08,99.82,4,True,False,interior,interior
caltech101/toklips,caltech101,toklips,0.01,0.005,evaluated,93.04,99.82,4,False,False,interior,interior
caltech101/toklips,caltech101,toklips,0.02,0.01,evaluated,93.18,99.82,1,True,True,interior,interior
caltech101/toklips,caltech101,toklips,0.05,0.025,evaluated,93.16,99.82,1,False,False,interior,interior
caltech101/toklips,caltech101,toklips,0.1,0.05,evaluated,93.06,99.82,1,False,False,high,high
caltech101/unitok,caltech101,unitok,1e-05,5e-06,missing_name_collision,,,,,False,,low
caltech101/unitok,caltech101,unitok,2e-05,1e-05,evaluated,52.54,80.49,4,False,False,low,interior
caltech101/unitok,caltech101,unitok,5e-05,2.5e-05,evaluated,86.49,99.33,4,True,False,interior,interior
caltech101/unitok,caltech101,unitok,0.0001,5e-05,evaluated,92.23,99.81,4,True,False,interior,interior
caltech101/unitok,caltech101,unitok,0.0002,0.0001,evaluated,92.63,99.79,4,True,False,interior,interior
caltech101/unitok,caltech101,unitok,0.0005,0.00025,evaluated,94.55,99.86,4,True,False,interior,interior
caltech101/unitok,caltech101,unitok,0.001,0.0005,evaluated,94.97,99.86,4,False,False,interior,interior
caltech101/unitok,caltech101,unitok,0.002,0.001,evaluated,95.68,99.86,4,True,False,interior,interior
caltech101/unitok,caltech101,unitok,0.005,0.0025,evaluated,95.84,99.82,4,True,False,interior,interior
caltech101/unitok,caltech101,unitok,0.01,0.005,evaluated,95.93,99.81,4,True,True,interior,interior
caltech101/unitok,caltech101,unitok,0.02,0.01,evaluated,95.91,99.82,1,False,False,interior,interior
caltech101/unitok,caltech101,unitok,0.05,0.025,evaluated,95.89,99.81,1,True,False,interior,interior
caltech101/unitok,caltech101,unitok,0.1,0.05,evaluated,95.79,99.82,1,False,False,high,high
caltech101/vilau,caltech101,vilau,1e-05,5e-06,missing_name_collision,,,,,False,,low
caltech101/vilau,caltech101,vilau,2e-05,1e-05,evaluated,12.2,32.35,4,True,False,low,interior
caltech101/vilau,caltech101,vilau,5e-05,2.5e-05,evaluated,52.74,81.49,4,True,False,interior,interior
caltech101/vilau,caltech101,vilau,0.0001,5e-05,evaluated,81.62,95.75,4,True,False,interior,interior
caltech101/vilau,caltech101,vilau,0.0002,0.0001,evaluated,89.73,98.21,4,False,False,interior,interior
caltech101/vilau,caltech101,vilau,0.0005,0.00025,evaluated,93.04,99.73,4,True,False,interior,interior
caltech101/vilau,caltech101,vilau,0.001,0.0005,evaluated,94.81,99.81,4,True,False,interior,interior
caltech101/vilau,caltech101,vilau,0.002,0.001,evaluated,95.27,99.81,4,True,False,interior,interior
caltech101/vilau,caltech101,vilau,0.005,0.0025,evaluated,95.66,99.84,4,False,False,interior,interior
caltech101/vilau,caltech101,vilau,0.01,0.005,evaluated,95.63,99.86,1,True,False,interior,interior
caltech101/vilau,caltech101,vilau,0.02,0.01,evaluated,95.71,99.82,1,False,True,interior,interior
caltech101/vilau,caltech101,vilau,0.05,0.025,evaluated,95.5,99.81,1,False,False,interior,interior
caltech101/vilau,caltech101,vilau,0.1,0.05,evaluated,95.31,99.75,1,False,False,high,high
cifar100/metaclip,cifar100,metaclip,1e-05,5e-06,missing_name_collision,,,,,False,,low
cifar100/metaclip,cifar100,metaclip,2e-05,1e-05,evaluated,12.2,33.76,4,True,False,low,interior
cifar100/metaclip,cifar100,metaclip,5e-05,2.5e-05,evaluated,34.82,65.77,1,True,False,interior,interior
cifar100/metaclip,cifar100,metaclip,0.0001,5e-05,evaluated,53.39,81.99,4,True,False,interior,interior
cifar100/metaclip,cifar100,metaclip,0.0002,0.0001,evaluated,64.89,89.32,4,True,False,interior,interior
cifar100/metaclip,cifar100,metaclip,0.0005,0.00025,evaluated,75.29,93.87,4,True,False,interior,interior
cifar100/metaclip,cifar100,metaclip,0.001,0.0005,evaluated,79.28,95.42,1,True,False,interior,interior
cifar100/metaclip,cifar100,metaclip,0.002,0.001,evaluated,81.36,96.33,4,True,False,interior,interior
cifar100/metaclip,cifar100,metaclip,0.005,0.0025,evaluated,83.67,96.88,4,True,False,interior,interior
cifar100/metaclip,cifar100,metaclip,0.01,0.005,evaluated,85.06,97.4,4,True,False,interior,interior
cifar100/metaclip,cifar100,metaclip,0.02,0.01,evaluated,85.88,97.57,4,True,False,interior,interior
cifar100/metaclip,cifar100,metaclip,0.05,0.025,evaluated,86.16,97.64,4,True,False,interior,interior
cifar100/metaclip,cifar100,metaclip,0.1,0.05,evaluated,86.31,97.71,1,True,True,high,high
cifar100/toklipl,cifar100,toklipl,1e-05,5e-06,missing_name_collision,,,,,False,,low
cifar100/toklipl,cifar100,toklipl,2e-05,1e-05,evaluated,13.47,33.64,4,True,False,low,interior
cifar100/toklipl,cifar100,toklipl,5e-05,2.5e-05,evaluated,29.9,60.23,4,True,False,interior,interior
cifar100/toklipl,cifar100,toklipl,0.0001,5e-05,evaluated,44.29,74.2,4,True,False,interior,interior
cifar100/toklipl,cifar100,toklipl,0.0002,0.0001,evaluated,51.31,80.32,4,True,False,interior,interior
cifar100/toklipl,cifar100,toklipl,0.0005,0.00025,evaluated,61.75,86.68,4,True,False,interior,interior
cifar100/toklipl,cifar100,toklipl,0.001,0.0005,evaluated,68.06,89.63,4,True,False,interior,interior
cifar100/toklipl,cifar100,toklipl,0.002,0.001,evaluated,72.24,91.52,4,True,False,interior,interior
cifar100/toklipl,cifar100,toklipl,0.005,0.0025,evaluated,76.2,93.66,4,True,False,interior,interior
cifar100/toklipl,cifar100,toklipl,0.01,0.005,evaluated,78.69,94.85,4,True,False,interior,interior
cifar100/toklipl,cifar100,toklipl,0.02,0.01,evaluated,80.75,95.48,4,True,False,interior,interior
cifar100/toklipl,cifar100,toklipl,0.05,0.025,evaluated,82.13,96.18,4,True,False,interior,interior
cifar100/toklipl,cifar100,toklipl,0.1,0.05,evaluated,82.36,96.29,4,False,True,high,high
cifar100/toklips,cifar100,toklips,1e-05,5e-06,missing_name_collision,,,,,False,,low
cifar100/toklips,cifar100,toklips,2e-05,1e-05,evaluated,21.26,46.36,4,True,False,low,interior
cifar100/toklips,cifar100,toklips,5e-05,2.5e-05,evaluated,41.35,72.28,4,True,False,interior,interior
cifar100/toklips,cifar100,toklips,0.0001,5e-05,evaluated,53.17,81.56,4,True,False,interior,interior
cifar100/toklips,cifar100,toklips,0.0002,0.0001,evaluated,62.37,86.62,4,True,False,interior,interior
cifar100/toklips,cifar100,toklips,0.0005,0.00025,evaluated,70.71,90.48,4,True,False,interior,interior
cifar100/toklips,cifar100,toklips,0.001,0.0005,evaluated,74.76,92.48,4,True,False,interior,interior
cifar100/toklips,cifar100,toklips,0.002,0.001,evaluated,77.76,94.07,4,True,False,interior,interior
cifar100/toklips,cifar100,toklips,0.005,0.0025,evaluated,80.67,95.11,4,True,False,interior,interior
cifar100/toklips,cifar100,toklips,0.01,0.005,evaluated,82.07,95.88,4,True,False,interior,interior
cifar100/toklips,cifar100,toklips,0.02,0.01,evaluated,83.28,96.38,4,True,False,interior,interior
cifar100/toklips,cifar100,toklips,0.05,0.025,evaluated,84.35,96.74,4,True,True,interior,interior
cifar100/toklips,cifar100,toklips,0.1,0.05,evaluated,84.34,96.73,4,False,False,high,high
cifar100/unitok,cifar100,unitok,1e-05,5e-06,missing_name_collision,,,,,False,,low
cifar100/unitok,cifar100,unitok,2e-05,1e-05,evaluated,58.49,86.14,4,False,False,low,interior
cifar100/unitok,cifar100,unitok,5e-05,2.5e-05,evaluated,75.8,95.01,4,True,False,interior,interior
cifar100/unitok,cifar100,unitok,0.0001,5e-05,evaluated,81.39,96.92,4,True,False,interior,interior
cifar100/unitok,cifar100,unitok,0.0002,0.0001,evaluated,83.56,97.4,4,True,False,interior,interior
cifar100/unitok,cifar100,unitok,0.0005,0.00025,evaluated,84.99,97.77,4,True,False,interior,interior
cifar100/unitok,cifar100,unitok,0.001,0.0005,evaluated,85.78,97.95,4,True,False,interior,interior
cifar100/unitok,cifar100,unitok,0.002,0.001,evaluated,86.11,97.91,4,True,False,interior,interior
cifar100/unitok,cifar100,unitok,0.005,0.0025,evaluated,86.3,98.01,4,False,False,interior,interior
cifar100/unitok,cifar100,unitok,0.01,0.005,evaluated,86.4,98.11,4,True,False,interior,interior
cifar100/unitok,cifar100,unitok,0.02,0.01,evaluated,86.48,98.09,4,False,True,interior,interior
cifar100/unitok,cifar100,unitok,0.05,0.025,evaluated,86.47,98.15,1,True,False,interior,interior
cifar100/unitok,cifar100,unitok,0.1,0.05,evaluated,86.33,98.05,1,False,False,high,high
cifar100/vilau,cifar100,vilau,1e-05,5e-06,missing_name_collision,,,,,False,,low
cifar100/vilau,cifar100,vilau,2e-05,1e-05,evaluated,24.16,52.85,4,True,False,low,interior
cifar100/vilau,cifar100,vilau,5e-05,2.5e-05,evaluated,52.71,81.09,4,True,False,interior,interior
cifar100/vilau,cifar100,vilau,0.0001,5e-05,evaluated,67.6,90.42,4,True,False,interior,interior
cifar100/vilau,cifar100,vilau,0.0002,0.0001,evaluated,76.26,93.98,4,True,False,interior,interior
cifar100/vilau,cifar100,vilau,0.0005,0.00025,evaluated,81.29,96.04,4,True,False,interior,interior
cifar100/vilau,cifar100,vilau,0.001,0.0005,evaluated,83.17,96.76,4,True,False,interior,interior
cifar100/vilau,cifar100,vilau,0.002,0.001,evaluated,84.19,97.32,4,True,False,interior,interior
cifar100/vilau,cifar100,vilau,0.005,0.0025,evaluated,85.56,97.57,4,True,False,interior,interior
cifar100/vilau,cifar100,vilau,0.01,0.005,evaluated,86.11,97.62,4,True,False,interior,interior
cifar100/vilau,cifar100,vilau,0.02,0.01,evaluated,86.35,97.57,4,True,False,interior,interior
cifar100/vilau,cifar100,vilau,0.05,0.025,evaluated,86.34,97.39,4,False,False,interior,interior
cifar100/vilau,cifar100,vilau,0.1,0.05,evaluated,86.39,97.54,1,False,True,high,high
dtd/metaclip,dtd,metaclip,1e-05,5e-06,missing_name_collision,,,,,False,,low
dtd/metaclip,dtd,metaclip,2e-05,1e-05,evaluated,31.7,59.57,1,True,False,low,interior
dtd/metaclip,dtd,metaclip,5e-05,2.5e-05,evaluated,57.29,84.63,4,True,False,interior,interior
dtd/metaclip,dtd,metaclip,0.0001,5e-05,evaluated,67.34,90.96,1,True,False,interior,interior
dtd/metaclip,dtd,metaclip,0.0002,0.0001,evaluated,72.29,93.46,1,True,False,interior,interior
dtd/metaclip,dtd,metaclip,0.0005,0.00025,evaluated,76.6,94.95,4,True,False,interior,interior
dtd/metaclip,dtd,metaclip,0.001,0.0005,evaluated,79.15,96.17,1,True,False,interior,interior
dtd/metaclip,dtd,metaclip,0.002,0.001,evaluated,80.69,96.33,1,True,False,interior,interior
dtd/metaclip,dtd,metaclip,0.005,0.0025,evaluated,81.33,96.7,1,True,True,interior,interior
dtd/metaclip,dtd,metaclip,0.01,0.005,evaluated,81.01,96.33,1,True,False,interior,interior
dtd/metaclip,dtd,metaclip,0.02,0.01,evaluated,81.06,95.9,1,True,False,interior,interior
dtd/metaclip,dtd,metaclip,0.05,0.025,evaluated,80.43,95.59,4,True,False,interior,interior
dtd/metaclip,dtd,metaclip,0.1,0.05,evaluated,80.27,95.59,1,True,False,high,high
dtd/toklipl,dtd,toklipl,1e-05,5e-06,missing_name_collision,,,,,False,,low
dtd/toklipl,dtd,toklipl,2e-05,1e-05,evaluated,44.26,75.43,4,True,False,low,interior
dtd/toklipl,dtd,toklipl,5e-05,2.5e-05,evaluated,67.66,90.27,4,True,False,interior,interior
dtd/toklipl,dtd,toklipl,0.0001,5e-05,evaluated,72.07,94.57,4,True,False,interior,interior
dtd/toklipl,dtd,toklipl,0.0002,0.0001,evaluated,76.38,96.12,4,True,False,interior,interior
dtd/toklipl,dtd,toklipl,0.0005,0.00025,evaluated,79.36,96.65,4,True,False,interior,interior
dtd/toklipl,dtd,toklipl,0.001,0.0005,evaluated,81.22,97.29,4,True,False,interior,interior
dtd/toklipl,dtd,toklipl,0.002,0.001,evaluated,81.91,97.23,4,True,False,interior,interior
dtd/toklipl,dtd,toklipl,0.005,0.0025,evaluated,82.66,97.23,4,True,False,interior,interior
dtd/toklipl,dtd,toklipl,0.01,0.005,evaluated,82.71,97.18,4,False,True,interior,interior
dtd/toklipl,dtd,toklipl,0.02,0.01,evaluated,82.66,97.07,1,True,False,interior,interior
dtd/toklipl,dtd,toklipl,0.05,0.025,evaluated,82.61,96.91,1,False,False,interior,interior
dtd/toklipl,dtd,toklipl,0.1,0.05,evaluated,82.34,96.86,1,False,False,high,high
dtd/toklips,dtd,toklips,1e-05,5e-06,missing_name_collision,,,,,False,,low
dtd/toklips,dtd,toklips,2e-05,1e-05,evaluated,45.59,75.8,4,True,False,low,interior
dtd/toklips,dtd,toklips,5e-05,2.5e-05,evaluated,65.69,90.69,4,True,False,interior,interior
dtd/toklips,dtd,toklips,0.0001,5e-05,evaluated,71.65,94.63,4,True,False,interior,interior
dtd/toklips,dtd,toklips,0.0002,0.0001,evaluated,74.95,95.53,4,True,False,interior,interior
dtd/toklips,dtd,toklips,0.0005,0.00025,evaluated,77.71,96.65,4,True,False,interior,interior
dtd/toklips,dtd,toklips,0.001,0.0005,evaluated,79.73,96.7,4,True,False,interior,interior
dtd/toklips,dtd,toklips,0.002,0.001,evaluated,80.96,96.81,4,True,False,interior,interior
dtd/toklips,dtd,toklips,0.005,0.0025,evaluated,80.74,96.65,1,True,False,interior,interior
dtd/toklips,dtd,toklips,0.01,0.005,evaluated,81.01,96.76,1,False,True,interior,interior
dtd/toklips,dtd,toklips,0.02,0.01,evaluated,80.96,96.33,1,False,False,interior,interior
dtd/toklips,dtd,toklips,0.05,0.025,evaluated,80.64,96.22,1,False,False,interior,interior
dtd/toklips,dtd,toklips,0.1,0.05,evaluated,80.48,95.96,1,False,False,high,high
dtd/unitok,dtd,unitok,1e-05,5e-06,missing_name_collision,,,,,False,,low
dtd/unitok,dtd,unitok,2e-05,1e-05,evaluated,58.03,83.99,4,True,False,low,interior
dtd/unitok,dtd,unitok,5e-05,2.5e-05,evaluated,72.55,93.3,4,True,False,interior,interior
dtd/unitok,dtd,unitok,0.0001,5e-05,evaluated,76.12,95.21,4,False,False,interior,interior
dtd/unitok,dtd,unitok,0.0002,0.0001,evaluated,78.09,96.44,4,False,False,interior,interior
dtd/unitok,dtd,unitok,0.0005,0.00025,evaluated,80.0,96.38,4,False,False,interior,interior
dtd/unitok,dtd,unitok,0.001,0.0005,evaluated,80.53,96.6,4,True,False,interior,interior
dtd/unitok,dtd,unitok,0.002,0.001,evaluated,80.8,96.38,4,False,False,interior,interior
dtd/unitok,dtd,unitok,0.005,0.0025,evaluated,81.01,95.96,4,False,True,interior,interior
dtd/unitok,dtd,unitok,0.01,0.005,evaluated,80.69,96.28,1,True,False,interior,interior
dtd/unitok,dtd,unitok,0.02,0.01,evaluated,80.53,95.96,1,False,False,interior,interior
dtd/unitok,dtd,unitok,0.05,0.025,evaluated,79.84,95.43,1,True,False,interior,interior
dtd/unitok,dtd,unitok,0.1,0.05,evaluated,78.99,95.21,1,False,False,high,high
dtd/vilau,dtd,vilau,1e-05,5e-06,missing_name_collision,,,,,False,,low
dtd/vilau,dtd,vilau,2e-05,1e-05,evaluated,46.65,74.31,4,True,False,low,interior
dtd/vilau,dtd,vilau,5e-05,2.5e-05,evaluated,66.91,89.95,4,True,False,interior,interior
dtd/vilau,dtd,vilau,0.0001,5e-05,evaluated,75.69,93.99,4,True,False,interior,interior
dtd/vilau,dtd,vilau,0.0002,0.0001,evaluated,78.3,95.48,4,True,False,interior,interior
dtd/vilau,dtd,vilau,0.0005,0.00025,evaluated,81.01,96.17,4,True,False,interior,interior
dtd/vilau,dtd,vilau,0.001,0.0005,evaluated,81.91,97.07,4,True,False,interior,interior
dtd/vilau,dtd,vilau,0.002,0.001,evaluated,82.45,96.6,4,True,False,interior,interior
dtd/vilau,dtd,vilau,0.005,0.0025,evaluated,83.35,96.7,4,False,True,interior,interior
dtd/vilau,dtd,vilau,0.01,0.005,evaluated,83.24,96.86,1,False,False,interior,interior
dtd/vilau,dtd,vilau,0.02,0.01,evaluated,83.14,96.65,1,False,False,interior,interior
dtd/vilau,dtd,vilau,0.05,0.025,evaluated,82.39,96.38,1,False,False,interior,interior
dtd/vilau,dtd,vilau,0.1,0.05,evaluated,81.97,96.12,1,False,False,high,high
fgvc_aircraft/metaclip,fgvc_aircraft,metaclip,1e-05,5e-06,missing_name_collision,,,,,False,,low
fgvc_aircraft/metaclip,fgvc_aircraft,metaclip,2e-05,1e-05,evaluated,3.63,16.59,4,False,False,low,interior
fgvc_aircraft/metaclip,fgvc_aircraft,metaclip,5e-05,2.5e-05,evaluated,10.11,29.13,1,False,False,interior,interior
fgvc_aircraft/metaclip,fgvc_aircraft,metaclip,0.0001,5e-05,evaluated,18.3,44.73,1,True,False,interior,interior
fgvc_aircraft/metaclip,fgvc_aircraft,metaclip,0.0002,0.0001,evaluated,28.74,61.12,1,False,False,interior,interior
fgvc_aircraft/metaclip,fgvc_aircraft,metaclip,0.0005,0.00025,evaluated,39.42,75.37,1,True,False,interior,interior
fgvc_aircraft/metaclip,fgvc_aircraft,metaclip,0.001,0.0005,evaluated,46.02,81.07,1,True,False,interior,interior
fgvc_aircraft/metaclip,fgvc_aircraft,metaclip,0.002,0.001,evaluated,51.37,84.37,4,True,False,interior,interior
fgvc_aircraft/metaclip,fgvc_aircraft,metaclip,0.005,0.0025,evaluated,57.19,88.18,4,True,False,interior,interior
fgvc_aircraft/metaclip,fgvc_aircraft,metaclip,0.01,0.005,evaluated,59.62,89.83,4,True,False,interior,interior
fgvc_aircraft/metaclip,fgvc_aircraft,metaclip,0.02,0.01,evaluated,61.42,90.76,4,False,False,interior,interior
fgvc_aircraft/metaclip,fgvc_aircraft,metaclip,0.05,0.025,evaluated,62.47,91.24,1,True,False,interior,interior
fgvc_aircraft/metaclip,fgvc_aircraft,metaclip,0.1,0.05,evaluated,62.89,90.79,1,False,True,high,high
fgvc_aircraft/toklipl,fgvc_aircraft,toklipl,1e-05,5e-06,missing_name_collision,,,,,False,,low
fgvc_aircraft/toklipl,fgvc_aircraft,toklipl,2e-05,1e-05,evaluated,4.05,15.33,4,True,False,low,interior
fgvc_aircraft/toklipl,fgvc_aircraft,toklipl,5e-05,2.5e-05,evaluated,8.91,28.11,4,True,False,interior,interior
fgvc_aircraft/toklipl,fgvc_aircraft,toklipl,0.0001,5e-05,evaluated,20.04,42.84,4,True,False,interior,interior
fgvc_aircraft/toklipl,fgvc_aircraft,toklipl,0.0002,0.0001,evaluated,27.75,57.64,4,True,False,interior,interior
fgvc_aircraft/toklipl,fgvc_aircraft,toklipl,0.0005,0.00025,evaluated,39.57,72.88,4,True,False,interior,interior
fgvc_aircraft/toklipl,fgvc_aircraft,toklipl,0.001,0.0005,evaluated,45.03,79.33,4,True,False,interior,interior
fgvc_aircraft/toklipl,fgvc_aircraft,toklipl,0.002,0.001,evaluated,50.98,85.54,4,True,False,interior,interior
fgvc_aircraft/toklipl,fgvc_aircraft,toklipl,0.005,0.0025,evaluated,57.25,90.58,4,True,False,interior,interior
fgvc_aircraft/toklipl,fgvc_aircraft,toklipl,0.01,0.005,evaluated,61.09,92.11,4,True,False,interior,interior
fgvc_aircraft/toklipl,fgvc_aircraft,toklipl,0.02,0.01,evaluated,64.42,93.82,4,True,False,interior,interior
fgvc_aircraft/toklipl,fgvc_aircraft,toklipl,0.05,0.025,evaluated,67.03,94.45,4,True,False,interior,interior
fgvc_aircraft/toklipl,fgvc_aircraft,toklipl,0.1,0.05,evaluated,67.54,94.9,4,False,True,high,high
fgvc_aircraft/toklips,fgvc_aircraft,toklips,1e-05,5e-06,missing_name_collision,,,,,False,,low
fgvc_aircraft/toklips,fgvc_aircraft,toklips,2e-05,1e-05,evaluated,3.9,13.74,4,True,False,low,interior
fgvc_aircraft/toklips,fgvc_aircraft,toklips,5e-05,2.5e-05,evaluated,11.4,28.83,4,True,False,interior,interior
fgvc_aircraft/toklips,fgvc_aircraft,toklips,0.0001,5e-05,evaluated,18.69,42.87,4,True,False,interior,interior
fgvc_aircraft/toklips,fgvc_aircraft,toklips,0.0002,0.0001,evaluated,28.44,57.4,4,True,False,interior,interior
fgvc_aircraft/toklips,fgvc_aircraft,toklips,0.0005,0.00025,evaluated,39.66,73.54,4,True,False,interior,interior
fgvc_aircraft/toklips,fgvc_aircraft,toklips,0.001,0.0005,evaluated,44.19,79.51,4,True,False,interior,interior
fgvc_aircraft/toklips,fgvc_aircraft,toklips,0.002,0.001,evaluated,49.8,84.28,4,True,False,interior,interior
fgvc_aircraft/toklips,fgvc_aircraft,toklips,0.005,0.0025,evaluated,54.28,88.51,4,True,False,interior,interior
fgvc_aircraft/toklips,fgvc_aircraft,toklips,0.01,0.005,evaluated,57.91,90.28,4,True,False,interior,interior
fgvc_aircraft/toklips,fgvc_aircraft,toklips,0.02,0.01,evaluated,60.34,91.78,4,True,False,interior,interior
fgvc_aircraft/toklips,fgvc_aircraft,toklips,0.05,0.025,evaluated,62.35,92.62,4,True,False,interior,interior
fgvc_aircraft/toklips,fgvc_aircraft,toklips,0.1,0.05,evaluated,62.86,92.86,4,True,True,high,high
fgvc_aircraft/unitok,fgvc_aircraft,unitok,1e-05,5e-06,missing_name_collision,,,,,False,,low
fgvc_aircraft/unitok,fgvc_aircraft,unitok,2e-05,1e-05,evaluated,10.89,30.66,4,True,False,low,interior
fgvc_aircraft/unitok,fgvc_aircraft,unitok,5e-05,2.5e-05,evaluated,20.43,49.92,4,True,False,interior,interior
fgvc_aircraft/unitok,fgvc_aircraft,unitok,0.0001,5e-05,evaluated,30.03,62.05,4,True,False,interior,interior
fgvc_aircraft/unitok,fgvc_aircraft,unitok,0.0002,0.0001,evaluated,38.04,72.16,4,False,False,interior,interior
fgvc_aircraft/unitok,fgvc_aircraft,unitok,0.0005,0.00025,evaluated,44.01,78.04,4,False,False,interior,interior
fgvc_aircraft/unitok,fgvc_aircraft,unitok,0.001,0.0005,evaluated,47.49,80.53,4,False,False,interior,interior
fgvc_aircraft/unitok,fgvc_aircraft,unitok,0.002,0.001,evaluated,48.96,82.63,4,False,False,interior,interior
fgvc_aircraft/unitok,fgvc_aircraft,unitok,0.005,0.0025,evaluated,51.04,83.83,4,True,False,interior,interior
fgvc_aircraft/unitok,fgvc_aircraft,unitok,0.01,0.005,evaluated,51.94,84.22,4,True,False,interior,interior
fgvc_aircraft/unitok,fgvc_aircraft,unitok,0.02,0.01,evaluated,52.12,84.55,4,True,False,interior,interior
fgvc_aircraft/unitok,fgvc_aircraft,unitok,0.05,0.025,evaluated,52.27,84.76,1,True,False,interior,interior
fgvc_aircraft/unitok,fgvc_aircraft,unitok,0.1,0.05,evaluated,52.36,84.58,1,False,True,high,high
fgvc_aircraft/vilau,fgvc_aircraft,vilau,1e-05,5e-06,missing_name_collision,,,,,False,,low
fgvc_aircraft/vilau,fgvc_aircraft,vilau,2e-05,1e-05,evaluated,5.13,20.64,4,True,False,low,interior
fgvc_aircraft/vilau,fgvc_aircraft,vilau,5e-05,2.5e-05,evaluated,19.35,42.75,4,True,False,interior,interior
fgvc_aircraft/vilau,fgvc_aircraft,vilau,0.0001,5e-05,evaluated,30.78,62.65,4,True,False,interior,interior
fgvc_aircraft/vilau,fgvc_aircraft,vilau,0.0002,0.0001,evaluated,40.02,73.36,4,True,False,interior,interior
fgvc_aircraft/vilau,fgvc_aircraft,vilau,0.0005,0.00025,evaluated,45.99,81.67,4,False,False,interior,interior
fgvc_aircraft/vilau,fgvc_aircraft,vilau,0.001,0.0005,evaluated,51.85,86.8,4,True,False,interior,interior
fgvc_aircraft/vilau,fgvc_aircraft,vilau,0.002,0.001,evaluated,56.11,88.87,4,True,False,interior,interior
fgvc_aircraft/vilau,fgvc_aircraft,vilau,0.005,0.0025,evaluated,60.58,90.76,4,True,False,interior,interior
fgvc_aircraft/vilau,fgvc_aircraft,vilau,0.01,0.005,evaluated,62.02,91.96,4,True,False,interior,interior
fgvc_aircraft/vilau,fgvc_aircraft,vilau,0.02,0.01,evaluated,63.37,92.2,4,True,False,interior,interior
fgvc_aircraft/vilau,fgvc_aircraft,vilau,0.05,0.025,evaluated,63.76,92.74,4,False,False,interior,interior
fgvc_aircraft/vilau,fgvc_aircraft,vilau,0.1,0.05,evaluated,63.85,92.86,4,True,True,high,high
flowers102/metaclip,flowers102,metaclip,1e-05,5e-06,missing_name_collision,,,,,False,,low
flowers102/metaclip,flowers102,metaclip,2e-05,1e-05,evaluated,5.49,15.39,4,True,False,low,interior
flowers102/metaclip,flowers102,metaclip,5e-05,2.5e-05,evaluated,12.94,34.51,1,False,False,interior,interior
flowers102/metaclip,flowers102,metaclip,0.0001,5e-05,evaluated,43.53,76.47,1,True,False,interior,interior
flowers102/metaclip,flowers102,metaclip,0.0002,0.0001,evaluated,73.43,95.88,1,True,False,interior,interior
flowers102/metaclip,flowers102,metaclip,0.0005,0.00025,evaluated,88.63,98.63,4,True,False,interior,interior
flowers102/metaclip,flowers102,metaclip,0.001,0.0005,evaluated,93.92,99.31,1,True,False,interior,interior
flowers102/metaclip,flowers102,metaclip,0.002,0.001,evaluated,96.76,99.51,1,True,False,interior,interior
flowers102/metaclip,flowers102,metaclip,0.005,0.0025,evaluated,97.25,99.71,1,True,False,interior,interior
flowers102/metaclip,flowers102,metaclip,0.01,0.005,evaluated,97.55,99.71,1,True,False,interior,interior
flowers102/metaclip,flowers102,metaclip,0.02,0.01,evaluated,98.04,99.71,1,True,True,interior,interior
flowers102/metaclip,flowers102,metaclip,0.05,0.025,evaluated,97.94,99.71,1,True,False,interior,interior
flowers102/metaclip,flowers102,metaclip,0.1,0.05,evaluated,98.04,99.71,1,True,False,high,high
flowers102/toklipl,flowers102,toklipl,1e-05,5e-06,missing_name_collision,,,,,False,,low
flowers102/toklipl,flowers102,toklipl,2e-05,1e-05,evaluated,3.82,9.71,1,False,False,low,interior
flowers102/toklipl,flowers102,toklipl,5e-05,2.5e-05,evaluated,26.27,56.27,4,True,False,interior,interior
flowers102/toklipl,flowers102,toklipl,0.0001,5e-05,evaluated,64.61,89.31,4,True,False,interior,interior
flowers102/toklipl,flowers102,toklipl,0.0002,0.0001,evaluated,85.98,97.84,4,True,False,interior,interior
flowers102/toklipl,flowers102,toklipl,0.0005,0.00025,evaluated,95.88,99.22,4,True,False,interior,interior
flowers102/toklipl,flowers102,toklipl,0.001,0.0005,evaluated,97.25,99.41,4,False,False,interior,interior
flowers102/toklipl,flowers102,toklipl,0.002,0.001,evaluated,98.14,99.8,4,True,False,interior,interior
flowers102/toklipl,flowers102,toklipl,0.005,0.0025,evaluated,98.63,99.8,4,True,False,interior,interior
flowers102/toklipl,flowers102,toklipl,0.01,0.005,evaluated,99.02,99.8,4,False,True,interior,interior
flowers102/toklipl,flowers102,toklipl,0.02,0.01,evaluated,98.92,99.8,4,True,False,interior,interior
flowers102/toklipl,flowers102,toklipl,0.05,0.025,evaluated,98.92,99.8,1,False,False,interior,interior
flowers102/toklipl,flowers102,toklipl,0.1,0.05,evaluated,98.92,99.71,1,False,False,high,high
flowers102/toklips,flowers102,toklips,1e-05,5e-06,missing_name_collision,,,,,False,,low
flowers102/toklips,flowers102,toklips,2e-05,1e-05,evaluated,6.96,21.86,4,True,False,low,interior
flowers102/toklips,flowers102,toklips,5e-05,2.5e-05,evaluated,23.24,52.45,4,False,False,interior,interior
flowers102/toklips,flowers102,toklips,0.0001,5e-05,evaluated,61.37,85.69,4,True,False,interior,interior
flowers102/toklips,flowers102,toklips,0.0002,0.0001,evaluated,85.2,97.65,4,True,False,interior,interior
flowers102/toklips,flowers102,toklips,0.0005,0.00025,evaluated,92.75,98.53,4,False,False,interior,interior
flowers102/toklips,flowers102,toklips,0.001,0.0005,evaluated,96.08,99.41,4,True,False,interior,interior
flowers102/toklips,flowers102,toklips,0.002,0.001,evaluated,96.76,99.9,4,True,False,interior,interior
flowers102/toklips,flowers102,toklips,0.005,0.0025,evaluated,97.55,99.9,4,False,False,interior,interior
flowers102/toklips,flowers102,toklips,0.01,0.005,evaluated,97.94,99.9,4,True,False,interior,interior
flowers102/toklips,flowers102,toklips,0.02,0.01,evaluated,98.43,99.9,4,True,False,interior,interior
flowers102/toklips,flowers102,toklips,0.05,0.025,evaluated,98.53,99.9,4,False,False,interior,interior
flowers102/toklips,flowers102,toklips,0.1,0.05,evaluated,98.63,99.9,4,False,True,high,high
flowers102/unitok,flowers102,unitok,1e-05,5e-06,missing_name_collision,,,,,False,,low
flowers102/unitok,flowers102,unitok,2e-05,1e-05,evaluated,15.2,37.06,4,False,False,low,interior
flowers102/unitok,flowers102,unitok,5e-05,2.5e-05,evaluated,59.51,86.67,4,False,False,interior,interior
flowers102/unitok,flowers102,unitok,0.0001,5e-05,evaluated,86.08,98.33,4,False,False,interior,interior
flowers102/unitok,flowers102,unitok,0.0002,0.0001,evaluated,93.82,99.61,4,False,False,interior,interior
flowers102/unitok,flowers102,unitok,0.0005,0.00025,evaluated,97.06,99.51,4,True,False,interior,interior
flowers102/unitok,flowers102,unitok,0.001,0.0005,evaluated,97.25,99.61,4,True,False,interior,interior
flowers102/unitok,flowers102,unitok,0.002,0.001,evaluated,97.65,99.71,4,False,False,interior,interior
flowers102/unitok,flowers102,unitok,0.005,0.0025,evaluated,97.75,99.71,4,True,False,interior,interior
flowers102/unitok,flowers102,unitok,0.01,0.005,evaluated,97.94,99.71,4,False,True,interior,interior
flowers102/unitok,flowers102,unitok,0.02,0.01,evaluated,97.75,99.61,4,False,False,interior,interior
flowers102/unitok,flowers102,unitok,0.05,0.025,evaluated,97.84,99.71,1,False,False,interior,interior
flowers102/unitok,flowers102,unitok,0.1,0.05,evaluated,97.55,99.61,1,False,False,high,high
flowers102/vilau,flowers102,vilau,1e-05,5e-06,missing_name_collision,,,,,False,,low
flowers102/vilau,flowers102,vilau,2e-05,1e-05,evaluated,24.22,49.51,4,True,False,low,interior
flowers102/vilau,flowers102,vilau,5e-05,2.5e-05,evaluated,72.84,94.31,4,True,False,interior,interior
flowers102/vilau,flowers102,vilau,0.0001,5e-05,evaluated,92.55,99.51,4,True,False,interior,interior
flowers102/vilau,flowers102,vilau,0.0002,0.0001,evaluated,97.45,99.71,4,True,False,interior,interior
flowers102/vilau,flowers102,vilau,0.0005,0.00025,evaluated,98.82,99.8,4,True,False,interior,interior
flowers102/vilau,flowers102,vilau,0.001,0.0005,evaluated,99.12,99.71,4,True,False,interior,interior
flowers102/vilau,flowers102,vilau,0.002,0.001,evaluated,99.12,99.8,4,False,False,interior,interior
flowers102/vilau,flowers102,vilau,0.005,0.0025,evaluated,99.31,99.71,4,True,False,interior,interior
flowers102/vilau,flowers102,vilau,0.01,0.005,evaluated,99.41,99.8,1,True,False,interior,interior
flowers102/vilau,flowers102,vilau,0.02,0.01,evaluated,99.41,99.8,1,False,True,interior,interior
flowers102/vilau,flowers102,vilau,0.05,0.025,evaluated,99.22,99.8,1,False,False,interior,interior
flowers102/vilau,flowers102,vilau,0.1,0.05,evaluated,99.31,99.8,4,False,False,high,high
food101/metaclip,food101,metaclip,1e-05,5e-06,missing_name_collision,,,,,False,,low
food101/metaclip,food101,metaclip,2e-05,1e-05,evaluated,43.49,74.94,1,True,False,low,interior
food101/metaclip,food101,metaclip,5e-05,2.5e-05,evaluated,69.17,93.59,1,False,False,interior,interior
food101/metaclip,food101,metaclip,0.0001,5e-05,evaluated,79.49,96.59,1,True,False,interior,interior
food101/metaclip,food101,metaclip,0.0002,0.0001,evaluated,84.97,97.64,1,True,False,interior,interior
food101/metaclip,food101,metaclip,0.0005,0.00025,evaluated,87.78,98.2,1,True,False,interior,interior
food101/metaclip,food101,metaclip,0.001,0.0005,evaluated,89.18,98.53,4,True,False,interior,interior
food101/metaclip,food101,metaclip,0.002,0.001,evaluated,90.29,98.64,4,True,False,interior,interior
food101/metaclip,food101,metaclip,0.005,0.0025,evaluated,91.18,98.76,4,True,False,interior,interior
food101/metaclip,food101,metaclip,0.01,0.005,evaluated,91.47,98.83,4,True,False,interior,interior
food101/metaclip,food101,metaclip,0.02,0.01,evaluated,91.6,98.89,4,True,False,interior,interior
food101/metaclip,food101,metaclip,0.05,0.025,evaluated,91.74,98.89,1,True,True,interior,interior
food101/metaclip,food101,metaclip,0.1,0.05,evaluated,91.55,98.84,1,False,False,high,high
food101/toklipl,food101,toklipl,1e-05,5e-06,missing_name_collision,,,,,False,,low
food101/toklipl,food101,toklipl,2e-05,1e-05,evaluated,52.78,80.84,4,True,False,low,interior
food101/toklipl,food101,toklipl,5e-05,2.5e-05,evaluated,74.86,94.07,4,True,False,interior,interior
food101/toklipl,food101,toklipl,0.0001,5e-05,evaluated,82.74,96.36,4,True,False,interior,interior
food101/toklipl,food101,toklipl,0.0002,0.0001,evaluated,85.9,97.26,4,True,False,interior,interior
food101/toklipl,food101,toklipl,0.0005,0.00025,evaluated,88.27,97.9,4,True,False,interior,interior
food101/toklipl,food101,toklipl,0.001,0.0005,evaluated,89.63,98.26,4,True,False,interior,interior
food101/toklipl,food101,toklipl,0.002,0.001,evaluated,90.64,98.52,4,True,False,interior,interior
food101/toklipl,food101,toklipl,0.005,0.0025,evaluated,91.57,98.67,4,True,False,interior,interior
food101/toklipl,food101,toklipl,0.01,0.005,evaluated,92.11,98.81,4,True,False,interior,interior
food101/toklipl,food101,toklipl,0.02,0.01,evaluated,92.42,98.88,4,True,False,interior,interior
food101/toklipl,food101,toklipl,0.05,0.025,evaluated,92.7,98.9,4,True,True,interior,interior
food101/toklipl,food101,toklipl,0.1,0.05,evaluated,92.69,98.81,4,False,False,high,high
food101/toklips,food101,toklips,1e-05,5e-06,missing_name_collision,,,,,False,,low
food101/toklips,food101,toklips,2e-05,1e-05,evaluated,46.63,76.6,4,True,False,low,interior
food101/toklips,food101,toklips,5e-05,2.5e-05,evaluated,69.38,91.19,4,True,False,interior,interior
food101/toklips,food101,toklips,0.0001,5e-05,evaluated,77.19,94.25,4,True,False,interior,interior
food101/toklips,food101,toklips,0.0002,0.0001,evaluated,81.7,95.49,4,True,False,interior,interior
food101/toklips,food101,toklips,0.0005,0.00025,evaluated,84.3,96.52,4,True,False,interior,interior
food101/toklips,food101,toklips,0.001,0.0005,evaluated,85.73,97.03,4,True,False,interior,interior
food101/toklips,food101,toklips,0.002,0.001,evaluated,86.87,97.33,4,True,False,interior,interior
food101/toklips,food101,toklips,0.005,0.0025,evaluated,87.97,97.66,4,True,False,interior,interior
food101/toklips,food101,toklips,0.01,0.005,evaluated,88.59,97.81,4,True,False,interior,interior
food101/toklips,food101,toklips,0.02,0.01,evaluated,89.05,97.96,4,True,False,interior,interior
food101/toklips,food101,toklips,0.05,0.025,evaluated,89.4,98.06,4,True,True,interior,interior
food101/toklips,food101,toklips,0.1,0.05,evaluated,89.37,97.98,4,False,False,high,high
food101/unitok,food101,unitok,1e-05,5e-06,missing_name_collision,,,,,False,,low
food101/unitok,food101,unitok,2e-05,1e-05,evaluated,83.74,97.64,4,True,False,low,interior
food101/unitok,food101,unitok,5e-05,2.5e-05,evaluated,89.58,98.57,4,True,False,interior,interior
food101/unitok,food101,unitok,0.0001,5e-05,evaluated,90.78,98.83,4,True,False,interior,interior
food101/unitok,food101,unitok,0.0002,0.0001,evaluated,91.43,98.94,4,False,False,interior,interior
food101/unitok,food101,unitok,0.0005,0.00025,evaluated,92.14,99.06,4,False,False,interior,interior
food101/unitok,food101,unitok,0.001,0.0005,evaluated,92.48,99.11,4,False,False,interior,interior
food101/unitok,food101,unitok,0.002,0.001,evaluated,92.69,99.16,4,False,False,interior,interior
food101/unitok,food101,unitok,0.005,0.0025,evaluated,92.8,99.18,4,False,False,interior,interior
food101/unitok,food101,unitok,0.01,0.005,evaluated,92.78,99.19,4,False,False,interior,interior
food101/unitok,food101,unitok,0.02,0.01,evaluated,92.81,99.2,1,True,True,interior,interior
food101/unitok,food101,unitok,0.05,0.025,evaluated,92.78,99.19,1,False,False,interior,interior
food101/unitok,food101,unitok,0.1,0.05,evaluated,92.7,99.14,1,False,False,high,high
food101/vilau,food101,vilau,1e-05,5e-06,missing_name_collision,,,,,False,,low
food101/vilau,food101,vilau,2e-05,1e-05,evaluated,76.29,93.7,4,True,False,low,interior
food101/vilau,food101,vilau,5e-05,2.5e-05,evaluated,88.58,98.02,4,True,False,interior,interior
food101/vilau,food101,vilau,0.0001,5e-05,evaluated,90.81,98.57,4,True,False,interior,interior
food101/vilau,food101,vilau,0.0002,0.0001,evaluated,91.96,98.76,4,True,False,interior,interior
food101/vilau,food101,vilau,0.0005,0.00025,evaluated,92.78,98.96,4,True,False,interior,interior
food101/vilau,food101,vilau,0.001,0.0005,evaluated,93.39,99.08,4,True,False,interior,interior
food101/vilau,food101,vilau,0.002,0.001,evaluated,93.79,99.2,4,True,False,interior,interior
food101/vilau,food101,vilau,0.005,0.0025,evaluated,94.04,99.27,4,True,False,interior,interior
food101/vilau,food101,vilau,0.01,0.005,evaluated,94.18,99.31,4,True,False,interior,interior
food101/vilau,food101,vilau,0.02,0.01,evaluated,94.23,99.3,4,False,True,interior,interior
food101/vilau,food101,vilau,0.05,0.025,evaluated,94.17,99.32,1,False,False,interior,interior
food101/vilau,food101,vilau,0.1,0.05,evaluated,94.17,99.28,1,False,False,high,high
metaclip_b16_2pt5b,imagenet1k,metaclip_b16_2pt5b,1e-05,5e-06,missing_name_collision,,,,,False,,low
metaclip_b16_2pt5b,imagenet1k,metaclip_b16_2pt5b,2e-05,1e-05,evaluated,31.34,58.84,4,True,False,low,interior
metaclip_b16_2pt5b,imagenet1k,metaclip_b16_2pt5b,5e-05,2.5e-05,evaluated,51.03,79.8,1,True,False,interior,interior
metaclip_b16_2pt5b,imagenet1k,metaclip_b16_2pt5b,0.0001,5e-05,evaluated,61.43,86.24,1,True,False,interior,interior
metaclip_b16_2pt5b,imagenet1k,metaclip_b16_2pt5b,0.0002,0.0001,evaluated,68.33,90.26,1,True,False,interior,interior
metaclip_b16_2pt5b,imagenet1k,metaclip_b16_2pt5b,0.0005,0.00025,evaluated,73.61,93.04,4,True,False,interior,interior
metaclip_b16_2pt5b,imagenet1k,metaclip_b16_2pt5b,0.001,0.0005,evaluated,76.19,94.3,4,True,False,interior,interior
metaclip_b16_2pt5b,imagenet1k,metaclip_b16_2pt5b,0.002,0.001,evaluated,78.01,95.02,4,True,False,interior,interior
metaclip_b16_2pt5b,imagenet1k,metaclip_b16_2pt5b,0.005,0.0025,evaluated,79.6,95.62,4,True,False,interior,interior
metaclip_b16_2pt5b,imagenet1k,metaclip_b16_2pt5b,0.01,0.005,evaluated,80.36,95.92,4,True,False,interior,interior
metaclip_b16_2pt5b,imagenet1k,metaclip_b16_2pt5b,0.02,0.01,evaluated,80.59,96.02,4,True,False,interior,interior
metaclip_b16_2pt5b,imagenet1k,metaclip_b16_2pt5b,0.05,0.025,evaluated,80.6,95.95,4,True,True,interior,interior
metaclip_b16_2pt5b,imagenet1k,metaclip_b16_2pt5b,0.1,0.05,evaluated,80.28,95.83,1,True,False,high,high
oxford_pets/metaclip,oxford_pets,metaclip,1e-05,5e-06,missing_name_collision,,,,,False,,low
oxford_pets/metaclip,oxford_pets,metaclip,2e-05,1e-05,evaluated,28.21,66.86,1,True,False,low,interior
oxford_pets/metaclip,oxford_pets,metaclip,5e-05,2.5e-05,evaluated,60.7,94.85,1,True,False,interior,interior
oxford_pets/metaclip,oxford_pets,metaclip,0.0001,5e-05,evaluated,77.05,98.53,1,True,False,interior,interior
oxford_pets/metaclip,oxford_pets,metaclip,0.0002,0.0001,evaluated,85.15,99.54,1,True,False,interior,interior
oxford_pets/metaclip,oxford_pets,metaclip,0.0005,0.00025,evaluated,88.44,99.81,1,True,False,interior,interior
oxford_pets/metaclip,oxford_pets,metaclip,0.001,0.0005,evaluated,90.84,99.86,1,True,False,interior,interior
oxford_pets/metaclip,oxford_pets,metaclip,0.002,0.001,evaluated,91.88,99.89,1,True,False,interior,interior
oxford_pets/metaclip,oxford_pets,metaclip,0.005,0.0025,evaluated,92.75,99.84,1,True,False,interior,interior
oxford_pets/metaclip,oxford_pets,metaclip,0.01,0.005,evaluated,92.97,99.81,1,False,False,interior,interior
oxford_pets/metaclip,oxford_pets,metaclip,0.02,0.01,evaluated,93.02,99.86,1,False,True,interior,interior
oxford_pets/metaclip,oxford_pets,metaclip,0.05,0.025,evaluated,92.97,99.84,1,True,False,interior,interior
oxford_pets/metaclip,oxford_pets,metaclip,0.1,0.05,evaluated,92.83,99.86,1,True,False,high,high
oxford_pets/toklipl,oxford_pets,toklipl,1e-05,5e-06,missing_name_collision,,,,,False,,low
oxford_pets/toklipl,oxford_pets,toklipl,2e-05,1e-05,evaluated,33.58,72.39,4,False,False,low,interior
oxford_pets/toklipl,oxford_pets,toklipl,5e-05,2.5e-05,evaluated,65.41,94.22,4,True,False,interior,interior
oxford_pets/toklipl,oxford_pets,toklipl,0.0001,5e-05,evaluated,82.75,98.94,4,True,False,interior,interior
oxford_pets/toklipl,oxford_pets,toklipl,0.0002,0.0001,evaluated,88.99,99.26,4,True,False,interior,interior
oxford_pets/toklipl,oxford_pets,toklipl,0.0005,0.00025,evaluated,91.88,99.45,4,True,False,interior,interior
oxford_pets/toklipl,oxford_pets,toklipl,0.001,0.0005,evaluated,92.83,99.45,4,True,False,interior,interior
oxford_pets/toklipl,oxford_pets,toklipl,0.002,0.001,evaluated,93.59,99.62,4,True,False,interior,interior
oxford_pets/toklipl,oxford_pets,toklipl,0.005,0.0025,evaluated,93.79,99.73,4,True,False,interior,interior
oxford_pets/toklipl,oxford_pets,toklipl,0.01,0.005,evaluated,94.09,99.67,4,True,False,interior,interior
oxford_pets/toklipl,oxford_pets,toklipl,0.02,0.01,evaluated,94.22,99.65,4,True,False,interior,interior
oxford_pets/toklipl,oxford_pets,toklipl,0.05,0.025,evaluated,94.52,99.65,4,True,False,interior,interior
oxford_pets/toklipl,oxford_pets,toklipl,0.1,0.05,evaluated,94.6,99.62,4,False,True,high,high
oxford_pets/toklips,oxford_pets,toklips,1e-05,5e-06,missing_name_collision,,,,,False,,low
oxford_pets/toklips,oxford_pets,toklips,2e-05,1e-05,evaluated,35.68,72.69,4,True,False,low,interior
oxford_pets/toklips,oxford_pets,toklips,5e-05,2.5e-05,evaluated,66.5,94.33,4,True,False,interior,interior
oxford_pets/toklips,oxford_pets,toklips,0.0001,5e-05,evaluated,82.56,98.26,4,True,False,interior,interior
oxford_pets/toklips,oxford_pets,toklips,0.0002,0.0001,evaluated,88.83,98.69,4,True,False,interior,interior
oxford_pets/toklips,oxford_pets,toklips,0.0005,0.00025,evaluated,90.46,99.24,4,True,False,interior,interior
oxford_pets/toklips,oxford_pets,toklips,0.001,0.0005,evaluated,91.22,99.35,4,True,False,interior,interior
oxford_pets/toklips,oxford_pets,toklips,0.002,0.001,evaluated,92.04,99.37,4,True,False,interior,interior
oxford_pets/toklips,oxford_pets,toklips,0.005,0.0025,evaluated,92.48,99.54,4,True,False,interior,interior
oxford_pets/toklips,oxford_pets,toklips,0.01,0.005,evaluated,92.72,99.56,4,True,False,interior,interior
oxford_pets/toklips,oxford_pets,toklips,0.02,0.01,evaluated,92.94,99.54,4,True,False,interior,interior
oxford_pets/toklips,oxford_pets,toklips,0.05,0.025,evaluated,93.32,99.65,4,True,True,interior,interior
oxford_pets/toklips,oxford_pets,toklips,0.1,0.05,evaluated,93.21,99.59,4,True,False,high,high
oxford_pets/unitok,oxford_pets,unitok,1e-05,5e-06,missing_name_collision,,,,,False,,low
oxford_pets/unitok,oxford_pets,unitok,2e-05,1e-05,evaluated,71.11,97.79,4,True,False,low,interior
oxford_pets/unitok,oxford_pets,unitok,5e-05,2.5e-05,evaluated,86.81,99.59,4,True,False,interior,interior
oxford_pets/unitok,oxford_pets,unitok,0.0001,5e-05,evaluated,89.62,99.7,4,False,False,interior,interior
oxford_pets/unitok,oxford_pets,unitok,0.0002,0.0001,evaluated,91.55,99.81,4,True,False,interior,interior
oxford_pets/unitok,oxford_pets,unitok,0.0005,0.00025,evaluated,92.64,99.86,4,True,False,interior,interior
oxford_pets/unitok,oxford_pets,unitok,0.001,0.0005,evaluated,92.94,99.86,4,True,False,interior,interior
oxford_pets/unitok,oxford_pets,unitok,0.002,0.001,evaluated,92.94,99.84,4,False,False,interior,interior
oxford_pets/unitok,oxford_pets,unitok,0.005,0.0025,evaluated,93.08,99.84,1,True,True,interior,interior
oxford_pets/unitok,oxford_pets,unitok,0.01,0.005,evaluated,93.0,99.81,1,True,False,interior,interior
oxford_pets/unitok,oxford_pets,unitok,0.02,0.01,evaluated,92.89,99.78,1,True,False,interior,interior
oxford_pets/unitok,oxford_pets,unitok,0.05,0.025,evaluated,92.2,99.7,1,False,False,interior,interior
oxford_pets/unitok,oxford_pets,unitok,0.1,0.05,evaluated,91.71,99.7,1,False,False,high,high
oxford_pets/vilau,oxford_pets,vilau,1e-05,5e-06,missing_name_collision,,,,,False,,low
oxford_pets/vilau,oxford_pets,vilau,2e-05,1e-05,evaluated,57.18,88.74,4,True,False,low,interior
oxford_pets/vilau,oxford_pets,vilau,5e-05,2.5e-05,evaluated,82.17,97.96,4,True,False,interior,interior
oxford_pets/vilau,oxford_pets,vilau,0.0001,5e-05,evaluated,88.55,98.94,4,False,False,interior,interior
oxford_pets/vilau,oxford_pets,vilau,0.0002,0.0001,evaluated,90.76,99.37,4,True,False,interior,interior
oxford_pets/vilau,oxford_pets,vilau,0.0005,0.00025,evaluated,92.18,99.56,4,False,False,interior,interior
oxford_pets/vilau,oxford_pets,vilau,0.001,0.0005,evaluated,93.1,99.65,4,False,False,interior,interior
oxford_pets/vilau,oxford_pets,vilau,0.002,0.001,evaluated,93.7,99.67,4,False,False,interior,interior
oxford_pets/vilau,oxford_pets,vilau,0.005,0.0025,evaluated,94.25,99.67,4,False,False,interior,interior
oxford_pets/vilau,oxford_pets,vilau,0.01,0.005,evaluated,94.41,99.7,4,False,True,interior,interior
oxford_pets/vilau,oxford_pets,vilau,0.02,0.01,evaluated,94.33,99.7,1,True,False,interior,interior
oxford_pets/vilau,oxford_pets,vilau,0.05,0.025,evaluated,94.36,99.7,1,False,False,interior,interior
oxford_pets/vilau,oxford_pets,vilau,0.1,0.05,evaluated,94.39,99.67,1,False,False,high,high
stanford_cars/metaclip,stanford_cars,metaclip,1e-05,5e-06,missing_name_collision,,,,,False,,low
stanford_cars/metaclip,stanford_cars,metaclip,2e-05,1e-05,evaluated,5.27,15.52,1,True,False,low,interior
stanford_cars/metaclip,stanford_cars,metaclip,5e-05,2.5e-05,evaluated,20.4,46.79,4,False,False,interior,interior
stanford_cars/metaclip,stanford_cars,metaclip,0.0001,5e-05,evaluated,40.11,75.41,1,False,False,interior,interior
stanford_cars/metaclip,stanford_cars,metaclip,0.0002,0.0001,evaluated,60.19,91.98,1,True,False,interior,interior
stanford_cars/metaclip,stanford_cars,metaclip,0.0005,0.00025,evaluated,78.67,98.35,1,True,False,interior,interior
stanford_cars/metaclip,stanford_cars,metaclip,0.001,0.0005,evaluated,85.42,99.33,1,True,False,interior,interior
stanford_cars/metaclip,stanford_cars,metaclip,0.002,0.001,evaluated,89.13,99.54,1,True,False,interior,interior
stanford_cars/metaclip,stanford_cars,metaclip,0.005,0.0025,evaluated,91.27,99.61,1,False,False,interior,interior
stanford_cars/metaclip,stanford_cars,metaclip,0.01,0.005,evaluated,91.93,99.68,1,True,False,interior,interior
stanford_cars/metaclip,stanford_cars,metaclip,0.02,0.01,evaluated,92.14,99.68,1,False,True,interior,interior
stanford_cars/metaclip,stanford_cars,metaclip,0.05,0.025,evaluated,92.07,99.71,1,False,False,interior,interior
stanford_cars/metaclip,stanford_cars,metaclip,0.1,0.05,evaluated,92.03,99.59,1,True,False,high,high
stanford_cars/toklipl,stanford_cars,toklipl,1e-05,5e-06,missing_name_collision,,,,,False,,low
stanford_cars/toklipl,stanford_cars,toklipl,2e-05,1e-05,evaluated,2.66,12.1,4,True,False,low,interior
stanford_cars/toklipl,stanford_cars,toklipl,5e-05,2.5e-05,evaluated,12.98,38.18,4,True,False,interior,interior
stanford_cars/toklipl,stanford_cars,toklipl,0.0001,5e-05,evaluated,38.08,69.16,4,True,False,interior,interior
stanford_cars/toklipl,stanford_cars,toklipl,0.0002,0.0001,evaluated,58.48,88.71,4,True,False,interior,interior
stanford_cars/toklipl,stanford_cars,toklipl,0.0005,0.00025,evaluated,77.49,97.46,4,True,False,interior,interior
stanford_cars/toklipl,stanford_cars,toklipl,0.001,0.0005,evaluated,85.09,98.97,4,True,False,interior,interior
stanford_cars/toklipl,stanford_cars,toklipl,0.002,0.001,evaluated,89.14,99.55,4,True,False,interior,interior
stanford_cars/toklipl,stanford_cars,toklipl,0.005,0.0025,evaluated,91.87,99.74,4,True,False,interior,interior
stanford_cars/toklipl,stanford_cars,toklipl,0.01,0.005,evaluated,92.81,99.76,4,True,False,interior,interior
stanford_cars/toklipl,stanford_cars,toklipl,0.02,0.01,evaluated,93.47,99.79,4,True,False,interior,interior
stanford_cars/toklipl,stanford_cars,toklipl,0.05,0.025,evaluated,93.82,99.79,4,True,False,interior,interior
stanford_cars/toklipl,stanford_cars,toklipl,0.1,0.05,evaluated,94.01,99.78,4,False,True,high,high
stanford_cars/toklips,stanford_cars,toklips,1e-05,5e-06,missing_name_collision,,,,,False,,low
stanford_cars/toklips,stanford_cars,toklips,2e-05,1e-05,evaluated,3.36,14.53,4,True,False,low,interior
stanford_cars/toklips,stanford_cars,toklips,5e-05,2.5e-05,evaluated,13.73,42.53,4,True,False,interior,interior
stanford_cars/toklips,stanford_cars,toklips,0.0001,5e-05,evaluated,38.59,70.9,4,True,False,interior,interior
stanford_cars/toklips,stanford_cars,toklips,0.0002,0.0001,evaluated,60.54,90.37,4,True,False,interior,interior
stanford_cars/toklips,stanford_cars,toklips,0.0005,0.00025,evaluated,77.7,97.41,4,True,False,interior,interior
stanford_cars/toklips,stanford_cars,toklips,0.001,0.0005,evaluated,85.06,98.77,4,True,False,interior,interior
stanford_cars/toklips,stanford_cars,toklips,0.002,0.001,evaluated,88.72,99.3,4,True,False,interior,interior
stanford_cars/toklips,stanford_cars,toklips,0.005,0.0025,evaluated,91.38,99.65,4,True,False,interior,interior
stanford_cars/toklips,stanford_cars,toklips,0.01,0.005,evaluated,92.34,99.6,4,True,False,interior,interior
stanford_cars/toklips,stanford_cars,toklips,0.02,0.01,evaluated,92.94,99.65,4,True,False,interior,interior
stanford_cars/toklips,stanford_cars,toklips,0.05,0.025,evaluated,93.22,99.69,4,True,False,interior,interior
stanford_cars/toklips,stanford_cars,toklips,0.1,0.05,evaluated,93.41,99.69,4,True,True,high,high
stanford_cars/unitok,stanford_cars,unitok,1e-05,5e-06,missing_name_collision,,,,,False,,low
stanford_cars/unitok,stanford_cars,unitok,2e-05,1e-05,evaluated,35.0,69.84,4,True,False,low,interior
stanford_cars/unitok,stanford_cars,unitok,5e-05,2.5e-05,evaluated,67.22,96.63,4,True,False,interior,interior
stanford_cars/unitok,stanford_cars,unitok,0.0001,5e-05,evaluated,81.71,99.29,4,True,False,interior,interior
stanford_cars/unitok,stanford_cars,unitok,0.0002,0.0001,evaluated,88.22,99.61,4,True,False,interior,interior
stanford_cars/unitok,stanford_cars,unitok,0.0005,0.00025,evaluated,90.76,99.74,4,False,False,interior,interior
stanford_cars/unitok,stanford_cars,unitok,0.001,0.0005,evaluated,91.72,99.73,4,True,False,interior,interior
stanford_cars/unitok,stanford_cars,unitok,0.002,0.001,evaluated,91.92,99.75,4,True,False,interior,interior
stanford_cars/unitok,stanford_cars,unitok,0.005,0.0025,evaluated,92.15,99.7,4,False,True,interior,interior
stanford_cars/unitok,stanford_cars,unitok,0.01,0.005,evaluated,92.13,99.74,1,False,False,interior,interior
stanford_cars/unitok,stanford_cars,unitok,0.02,0.01,evaluated,92.02,99.74,1,True,False,interior,interior
stanford_cars/unitok,stanford_cars,unitok,0.05,0.025,evaluated,91.9,99.73,1,False,False,interior,interior
stanford_cars/unitok,stanford_cars,unitok,0.1,0.05,evaluated,91.37,99.68,1,False,False,high,high
stanford_cars/vilau,stanford_cars,vilau,1e-05,5e-06,missing_name_collision,,,,,False,,low
stanford_cars/vilau,stanford_cars,vilau,2e-05,1e-05,evaluated,13.16,32.73,4,True,False,low,interior
stanford_cars/vilau,stanford_cars,vilau,5e-05,2.5e-05,evaluated,48.2,80.08,4,True,False,interior,interior
stanford_cars/vilau,stanford_cars,vilau,0.0001,5e-05,evaluated,70.97,96.47,4,True,False,interior,interior
stanford_cars/vilau,stanford_cars,vilau,0.0002,0.0001,evaluated,81.89,98.71,4,True,False,interior,interior
stanford_cars/vilau,stanford_cars,vilau,0.0005,0.00025,evaluated,88.6,99.58,4,True,False,interior,interior
stanford_cars/vilau,stanford_cars,vilau,0.001,0.0005,evaluated,90.82,99.7,4,True,False,interior,interior
stanford_cars/vilau,stanford_cars,vilau,0.002,0.001,evaluated,92.03,99.73,4,True,False,interior,interior
stanford_cars/vilau,stanford_cars,vilau,0.005,0.0025,evaluated,92.96,99.75,4,True,False,interior,interior
stanford_cars/vilau,stanford_cars,vilau,0.01,0.005,evaluated,93.23,99.76,4,True,False,interior,interior
stanford_cars/vilau,stanford_cars,vilau,0.02,0.01,evaluated,93.45,99.76,4,True,False,interior,interior
stanford_cars/vilau,stanford_cars,vilau,0.05,0.025,evaluated,93.46,99.75,4,False,True,interior,interior
stanford_cars/vilau,stanford_cars,vilau,0.1,0.05,evaluated,93.36,99.79,1,False,False,high,high
sun397/metaclip,sun397,metaclip,1e-05,5e-06,missing_name_collision,,,,,False,,low
sun397/metaclip,sun397,metaclip,2e-05,1e-05,evaluated,10.69,21.74,4,True,False,low,interior
sun397/metaclip,sun397,metaclip,5e-05,2.5e-05,evaluated,23.41,37.26,4,True,False,interior,interior
sun397/metaclip,sun397,metaclip,0.0001,5e-05,evaluated,33.91,52.47,4,True,False,interior,interior
sun397/metaclip,sun397,metaclip,0.0002,0.0001,evaluated,47.48,69.85,4,True,False,interior,interior
sun397/metaclip,sun397,metaclip,0.0005,0.00025,evaluated,64.6,87.64,4,True,False,interior,interior
sun397/metaclip,sun397,metaclip,0.001,0.0005,evaluated,73.74,95.1,4,True,False,interior,interior
sun397/metaclip,sun397,metaclip,0.002,0.001,evaluated,78.58,96.62,4,True,False,interior,interior
sun397/metaclip,sun397,metaclip,0.005,0.0025,evaluated,81.13,97.43,4,True,False,interior,interior
sun397/metaclip,sun397,metaclip,0.01,0.005,evaluated,82.1,97.69,4,False,False,interior,interior
sun397/metaclip,sun397,metaclip,0.02,0.01,evaluated,82.86,97.85,4,True,True,interior,interior
sun397/metaclip,sun397,metaclip,0.05,0.025,evaluated,82.63,97.91,1,True,False,interior,interior
sun397/metaclip,sun397,metaclip,0.1,0.05,evaluated,82.38,97.68,1,True,False,high,high
sun397/toklipl,sun397,toklipl,1e-05,5e-06,missing_name_collision,,,,,False,,low
sun397/toklipl,sun397,toklipl,2e-05,1e-05,evaluated,8.78,19.87,4,True,False,low,interior
sun397/toklipl,sun397,toklipl,5e-05,2.5e-05,evaluated,18.3,32.66,4,True,False,interior,interior
sun397/toklipl,sun397,toklipl,0.0001,5e-05,evaluated,26.44,44.23,4,True,False,interior,interior
sun397/toklipl,sun397,toklipl,0.0002,0.0001,evaluated,39.62,61.35,4,True,False,interior,interior
sun397/toklipl,sun397,toklipl,0.0005,0.00025,evaluated,56.84,80.22,4,True,False,interior,interior
sun397/toklipl,sun397,toklipl,0.001,0.0005,evaluated,67.98,90.74,4,True,False,interior,interior
sun397/toklipl,sun397,toklipl,0.002,0.001,evaluated,75.34,95.5,4,True,False,interior,interior
sun397/toklipl,sun397,toklipl,0.005,0.0025,evaluated,80.3,96.98,4,True,False,interior,interior
sun397/toklipl,sun397,toklipl,0.01,0.005,evaluated,81.5,97.44,4,True,False,interior,interior
sun397/toklipl,sun397,toklipl,0.02,0.01,evaluated,82.46,97.65,4,True,False,interior,interior
sun397/toklipl,sun397,toklipl,0.05,0.025,evaluated,82.98,97.71,4,True,True,interior,interior
sun397/toklipl,sun397,toklipl,0.1,0.05,evaluated,82.94,97.77,1,True,False,high,high
sun397/toklips,sun397,toklips,1e-05,5e-06,missing_name_collision,,,,,False,,low
sun397/toklips,sun397,toklips,2e-05,1e-05,evaluated,10.5,22.5,4,True,False,low,interior
sun397/toklips,sun397,toklips,5e-05,2.5e-05,evaluated,19.46,34.12,4,True,False,interior,interior
sun397/toklips,sun397,toklips,0.0001,5e-05,evaluated,28.54,48.01,4,True,False,interior,interior
sun397/toklips,sun397,toklips,0.0002,0.0001,evaluated,41.63,63.87,4,True,False,interior,interior
sun397/toklips,sun397,toklips,0.0005,0.00025,evaluated,57.89,81.47,4,True,False,interior,interior
sun397/toklips,sun397,toklips,0.001,0.0005,evaluated,67.94,91.18,4,True,False,interior,interior
sun397/toklips,sun397,toklips,0.002,0.001,evaluated,74.24,94.91,4,True,False,interior,interior
sun397/toklips,sun397,toklips,0.005,0.0025,evaluated,78.09,96.27,4,True,False,interior,interior
sun397/toklips,sun397,toklips,0.01,0.005,evaluated,79.49,96.63,4,True,False,interior,interior
sun397/toklips,sun397,toklips,0.02,0.01,evaluated,80.22,96.86,4,True,False,interior,interior
sun397/toklips,sun397,toklips,0.05,0.025,evaluated,80.86,96.94,4,True,True,interior,interior
sun397/toklips,sun397,toklips,0.1,0.05,evaluated,80.68,96.95,1,True,False,high,high
sun397/unitok,sun397,unitok,1e-05,5e-06,missing_name_collision,,,,,False,,low
sun397/unitok,sun397,unitok,2e-05,1e-05,evaluated,24.64,40.17,4,False,False,low,interior
sun397/unitok,sun397,unitok,5e-05,2.5e-05,evaluated,41.36,62.3,4,True,False,interior,interior
sun397/unitok,sun397,unitok,0.0001,5e-05,evaluated,56.31,78.94,4,True,False,interior,interior
sun397/unitok,sun397,unitok,0.0002,0.0001,evaluated,68.39,91.57,4,True,False,interior,interior
sun397/unitok,sun397,unitok,0.0005,0.00025,evaluated,77.53,96.81,4,False,False,interior,interior
sun397/unitok,sun397,unitok,0.001,0.0005,evaluated,80.06,97.57,4,True,False,interior,interior
sun397/unitok,sun397,unitok,0.002,0.001,evaluated,81.27,97.93,4,True,False,interior,interior
sun397/unitok,sun397,unitok,0.005,0.0025,evaluated,82.13,98.02,4,True,False,interior,interior
sun397/unitok,sun397,unitok,0.01,0.005,evaluated,82.28,98.0,4,True,True,interior,interior
sun397/unitok,sun397,unitok,0.02,0.01,evaluated,82.23,98.01,1,True,False,interior,interior
sun397/unitok,sun397,unitok,0.05,0.025,evaluated,82.26,97.97,1,False,False,interior,interior
sun397/unitok,sun397,unitok,0.1,0.05,evaluated,82.07,97.94,1,False,False,high,high
sun397/vilau,sun397,vilau,1e-05,5e-06,missing_name_collision,,,,,False,,low
sun397/vilau,sun397,vilau,2e-05,1e-05,evaluated,9.66,23.77,4,True,False,low,interior
sun397/vilau,sun397,vilau,5e-05,2.5e-05,evaluated,25.64,40.4,4,True,False,interior,interior
sun397/vilau,sun397,vilau,0.0001,5e-05,evaluated,38.87,57.9,4,True,False,interior,interior
sun397/vilau,sun397,vilau,0.0002,0.0001,evaluated,54.6,76.16,4,True,False,interior,interior
sun397/vilau,sun397,vilau,0.0005,0.00025,evaluated,71.35,93.07,4,True,False,interior,interior
sun397/vilau,sun397,vilau,0.001,0.0005,evaluated,78.37,96.91,4,True,False,interior,interior
sun397/vilau,sun397,vilau,0.002,0.001,evaluated,81.17,97.53,4,True,False,interior,interior
sun397/vilau,sun397,vilau,0.005,0.0025,evaluated,82.57,97.9,4,True,False,interior,interior
sun397/vilau,sun397,vilau,0.01,0.005,evaluated,83.26,97.97,4,True,False,interior,interior
sun397/vilau,sun397,vilau,0.02,0.01,evaluated,83.41,98.0,4,False,True,interior,interior
sun397/vilau,sun397,vilau,0.05,0.025,evaluated,83.38,97.98,1,True,False,interior,interior
sun397/vilau,sun397,vilau,0.1,0.05,evaluated,83.31,97.97,1,False,False,high,high
toklip_l_semantic_384,imagenet1k,toklip_l_semantic_384,1e-05,5e-06,missing_name_collision,,,,,False,,low
toklip_l_semantic_384,imagenet1k,toklip_l_semantic_384,2e-05,1e-05,evaluated,0.64,2.13,4,True,False,low,interior
toklip_l_semantic_384,imagenet1k,toklip_l_semantic_384,5e-05,2.5e-05,evaluated,3.24,9.39,4,True,False,interior,interior
toklip_l_semantic_384,imagenet1k,toklip_l_semantic_384,0.0001,5e-05,evaluated,12.8,29.9,4,True,False,interior,interior
toklip_l_semantic_384,imagenet1k,toklip_l_semantic_384,0.0002,0.0001,evaluated,31.86,58.46,4,True,False,interior,interior
toklip_l_semantic_384,imagenet1k,toklip_l_semantic_384,0.0005,0.00025,evaluated,51.1,77.52,4,True,False,interior,interior
toklip_l_semantic_384,imagenet1k,toklip_l_semantic_384,0.001,0.0005,evaluated,60.73,84.31,4,True,False,interior,interior
toklip_l_semantic_384,imagenet1k,toklip_l_semantic_384,0.002,0.001,evaluated,67.87,88.74,4,True,False,interior,interior
toklip_l_semantic_384,imagenet1k,toklip_l_semantic_384,0.005,0.0025,evaluated,73.61,92.13,4,True,False,interior,interior
toklip_l_semantic_384,imagenet1k,toklip_l_semantic_384,0.01,0.005,evaluated,76.29,93.63,4,True,False,interior,interior
toklip_l_semantic_384,imagenet1k,toklip_l_semantic_384,0.02,0.01,evaluated,78.37,94.6,4,True,False,interior,interior
toklip_l_semantic_384,imagenet1k,toklip_l_semantic_384,0.05,0.025,evaluated,80.16,95.41,4,True,False,interior,interior
toklip_l_semantic_384,imagenet1k,toklip_l_semantic_384,0.1,0.05,evaluated,80.75,95.57,4,True,True,high,high
toklip_l_zq_384,imagenet1k,toklip_l_zq_384,1e-05,5e-06,missing_name_collision,,,,,False,,low
toklip_l_zq_384,imagenet1k,toklip_l_zq_384,2e-05,1e-05,evaluated,0.12,0.53,4,False,False,low,interior
toklip_l_zq_384,imagenet1k,toklip_l_zq_384,5e-05,2.5e-05,evaluated,0.19,0.66,1,True,False,interior,interior
toklip_l_zq_384,imagenet1k,toklip_l_zq_384,0.0001,5e-05,evaluated,0.22,0.68,4,True,False,interior,interior
toklip_l_zq_384,imagenet1k,toklip_l_zq_384,0.0002,0.0001,evaluated,0.13,0.71,4,True,False,interior,interior
toklip_l_zq_384,imagenet1k,toklip_l_zq_384,0.0005,0.00025,evaluated,0.27,1.02,4,True,False,interior,interior
toklip_l_zq_384,imagenet1k,toklip_l_zq_384,0.001,0.0005,evaluated,0.38,1.55,4,True,False,interior,interior
toklip_l_zq_384,imagenet1k,toklip_l_zq_384,0.002,0.001,evaluated,0.67,2.67,4,True,False,interior,interior
toklip_l_zq_384,imagenet1k,toklip_l_zq_384,0.005,0.0025,evaluated,0.79,3.18,4,True,False,interior,interior
toklip_l_zq_384,imagenet1k,toklip_l_zq_384,0.01,0.005,evaluated,0.99,3.55,4,True,False,interior,interior
toklip_l_zq_384,imagenet1k,toklip_l_zq_384,0.02,0.01,evaluated,1.03,3.81,4,True,False,interior,interior
toklip_l_zq_384,imagenet1k,toklip_l_zq_384,0.05,0.025,evaluated,1.17,4.41,4,True,False,interior,interior
toklip_l_zq_384,imagenet1k,toklip_l_zq_384,0.1,0.05,evaluated,1.34,5.07,4,True,True,high,high
toklip_s_semantic_256,imagenet1k,toklip_s_semantic_256,1e-05,5e-06,missing_name_collision,,,,,False,,low
toklip_s_semantic_256,imagenet1k,toklip_s_semantic_256,2e-05,1e-05,evaluated,0.45,1.7,4,False,False,low,interior
toklip_s_semantic_256,imagenet1k,toklip_s_semantic_256,5e-05,2.5e-05,evaluated,2.84,8.91,4,True,False,interior,interior
toklip_s_semantic_256,imagenet1k,toklip_s_semantic_256,0.0001,5e-05,evaluated,13.54,30.38,4,True,False,interior,interior
toklip_s_semantic_256,imagenet1k,toklip_s_semantic_256,0.0002,0.0001,evaluated,30.04,56.59,4,True,False,interior,interior
toklip_s_semantic_256,imagenet1k,toklip_s_semantic_256,0.0005,0.00025,evaluated,49.03,75.77,4,True,False,interior,interior
toklip_s_semantic_256,imagenet1k,toklip_s_semantic_256,0.001,0.0005,evaluated,58.92,82.87,4,True,False,interior,interior
toklip_s_semantic_256,imagenet1k,toklip_s_semantic_256,0.002,0.001,evaluated,65.43,87.03,4,True,False,interior,interior
toklip_s_semantic_256,imagenet1k,toklip_s_semantic_256,0.005,0.0025,evaluated,70.74,90.47,4,True,False,interior,interior
toklip_s_semantic_256,imagenet1k,toklip_s_semantic_256,0.01,0.005,evaluated,73.42,91.94,4,True,False,interior,interior
toklip_s_semantic_256,imagenet1k,toklip_s_semantic_256,0.02,0.01,evaluated,75.31,92.98,4,True,False,interior,interior
toklip_s_semantic_256,imagenet1k,toklip_s_semantic_256,0.05,0.025,evaluated,77.05,93.78,4,True,False,interior,interior
toklip_s_semantic_256,imagenet1k,toklip_s_semantic_256,0.1,0.05,evaluated,77.72,94.06,4,True,True,high,high
toklip_s_zq_256,imagenet1k,toklip_s_zq_256,1e-05,5e-06,missing_name_collision,,,,,False,,low
toklip_s_zq_256,imagenet1k,toklip_s_zq_256,2e-05,1e-05,evaluated,0.13,0.57,1,False,False,low,interior
toklip_s_zq_256,imagenet1k,toklip_s_zq_256,5e-05,2.5e-05,evaluated,0.15,0.73,4,False,False,interior,interior
toklip_s_zq_256,imagenet1k,toklip_s_zq_256,0.0001,5e-05,evaluated,0.27,0.98,4,False,False,interior,interior
toklip_s_zq_256,imagenet1k,toklip_s_zq_256,0.0002,0.0001,evaluated,0.25,1.22,4,True,False,interior,interior
toklip_s_zq_256,imagenet1k,toklip_s_zq_256,0.0005,0.00025,evaluated,0.7,2.55,4,False,False,interior,interior
toklip_s_zq_256,imagenet1k,toklip_s_zq_256,0.001,0.0005,evaluated,1.0,3.68,4,True,False,interior,interior
toklip_s_zq_256,imagenet1k,toklip_s_zq_256,0.002,0.001,evaluated,1.15,3.92,4,True,False,interior,interior
toklip_s_zq_256,imagenet1k,toklip_s_zq_256,0.005,0.0025,evaluated,1.34,4.57,4,True,False,interior,interior
toklip_s_zq_256,imagenet1k,toklip_s_zq_256,0.01,0.005,evaluated,1.39,4.98,4,False,False,interior,interior
toklip_s_zq_256,imagenet1k,toklip_s_zq_256,0.02,0.01,evaluated,1.49,5.59,4,True,False,interior,interior
toklip_s_zq_256,imagenet1k,toklip_s_zq_256,0.05,0.025,evaluated,1.81,6.74,4,True,False,interior,interior
toklip_s_zq_256,imagenet1k,toklip_s_zq_256,0.1,0.05,evaluated,2.18,7.73,4,True,True,high,high
unitok,imagenet1k,unitok,1e-05,5e-06,missing_name_collision,,,,,False,,low
unitok,imagenet1k,unitok,2e-05,1e-05,evaluated,61.6,86.98,4,False,False,low,interior
unitok,imagenet1k,unitok,5e-05,2.5e-05,evaluated,72.26,92.61,4,True,False,interior,interior
unitok,imagenet1k,unitok,0.0001,5e-05,evaluated,75.46,94.06,4,True,False,interior,interior
unitok,imagenet1k,unitok,0.0002,0.0001,evaluated,77.24,94.82,4,True,False,interior,interior
unitok,imagenet1k,unitok,0.0005,0.00025,evaluated,78.85,95.47,4,True,False,interior,interior
unitok,imagenet1k,unitok,0.001,0.0005,evaluated,79.72,95.67,4,False,False,interior,interior
unitok,imagenet1k,unitok,0.002,0.001,evaluated,80.11,95.84,4,False,False,interior,interior
unitok,imagenet1k,unitok,0.005,0.0025,evaluated,80.46,95.9,4,False,False,interior,interior
unitok,imagenet1k,unitok,0.01,0.005,evaluated,80.54,95.9,4,True,False,interior,interior
unitok,imagenet1k,unitok,0.02,0.01,evaluated,80.56,95.94,4,True,False,interior,interior
unitok,imagenet1k,unitok,0.05,0.025,evaluated,80.61,95.95,1,True,False,interior,interior
unitok,imagenet1k,unitok,0.1,0.05,evaluated,80.62,95.96,1,True,True,high,high
vilau_7b_256_semantic_penultimate,imagenet1k,vilau_7b_256_semantic_penultimate,1e-05,5e-06,missing_name_collision,,,,,False,,low
vilau_7b_256_semantic_penultimate,imagenet1k,vilau_7b_256_semantic_penultimate,2e-05,1e-05,evaluated,51.16,75.05,4,True,False,low,interior
vilau_7b_256_semantic_penultimate,imagenet1k,vilau_7b_256_semantic_penultimate,5e-05,2.5e-05,evaluated,67.31,88.33,4,True,False,interior,interior
vilau_7b_256_semantic_penultimate,imagenet1k,vilau_7b_256_semantic_penultimate,0.0001,5e-05,evaluated,73.56,92.13,4,True,False,interior,interior
vilau_7b_256_semantic_penultimate,imagenet1k,vilau_7b_256_semantic_penultimate,0.0002,0.0001,evaluated,76.77,94.22,4,True,False,interior,interior
vilau_7b_256_semantic_penultimate,imagenet1k,vilau_7b_256_semantic_penultimate,0.0005,0.00025,evaluated,79.67,95.45,4,True,False,interior,interior
vilau_7b_256_semantic_penultimate,imagenet1k,vilau_7b_256_semantic_penultimate,0.001,0.0005,evaluated,81.13,95.94,4,True,False,interior,interior
vilau_7b_256_semantic_penultimate,imagenet1k,vilau_7b_256_semantic_penultimate,0.002,0.001,evaluated,82.15,96.29,4,True,False,interior,interior
vilau_7b_256_semantic_penultimate,imagenet1k,vilau_7b_256_semantic_penultimate,0.005,0.0025,evaluated,83.0,96.63,4,True,False,interior,interior
vilau_7b_256_semantic_penultimate,imagenet1k,vilau_7b_256_semantic_penultimate,0.01,0.005,evaluated,83.36,96.74,4,True,False,interior,interior
vilau_7b_256_semantic_penultimate,imagenet1k,vilau_7b_256_semantic_penultimate,0.02,0.01,evaluated,83.58,96.75,4,False,True,interior,interior
vilau_7b_256_semantic_penultimate,imagenet1k,vilau_7b_256_semantic_penultimate,0.05,0.025,evaluated,83.53,96.74,1,True,False,interior,interior
vilau_7b_256_semantic_penultimate,imagenet1k,vilau_7b_256_semantic_penultimate,0.1,0.05,evaluated,83.53,96.74,1,False,False,high,high
